MONTH,YEAR,REGION,Area,"Number of
Reservoirs","Total Capacity
 
 1000 AF","Hist Ave
 
 1000 AF","Previous year 
 
 1000 AF","Current year 
 
 1000 AF","% 
 
Ave","% 
 
Cap"
10,2010,North,NORTH COAST,6,3096.3,1917.7,1189.6,1860.1,97,60
10,2010,North,SAN FRANCISCO BAY,13,540.5,287.2,312,340.8,119,63
10,2010,Central,CENTRAL COAST,6,970.3,516.8,353.6,481.5,93,50
10,2010,South,SOUTH COAST,29,1973.8,1271.4,1127.9,1262.4,99,64
10,2010,North,SACRAMENTO,43,16001.1,9590.9,7228.3,10039.2,105,63
10,2010,Central,SAN JOAQUIN,34,11439.9,6118.4,5736.7,6931.6,113,61
10,2010,South,TULARE LAKE,6,2087.4,635.6,531,698.4,110,33
10,2010,North,NORTH LAHONTAN,5,1072,480,138.1,258.7,54,24
10,2010,South,SOUTH LAHONTAN,8,402.5,273,266.7,253.3,93,63
11,2010,North,NORTH COAST,6,3096.3,1920.5,1169.8,1892.7,99,61
11,2010,North,SAN FRANCISCO BAY,17,688,397.5,402.1,453.3,114,66
11,2010,Central,CENTRAL COAST,6,970.3,511.4,329.1,473.9,93,49
11,2010,South,SOUTH COAST,29,1973.8,1269.1,1122.7,1250.9,99,63
11,2010,North,SACRAMENTO,43,16001.1,9589.3,6831.4,9847.2,103,62
11,2010,Central,SAN JOAQUIN,34,11439.9,6222.6,5634.7,7199.2,116,63
11,2010,South,TULARE LAKE,6,2087.4,646.1,533.5,731.9,113,35
11,2010,North,NORTH LAHONTAN,5,1072,470.3,136.8,271.9,58,25
11,2010,South,SOUTH LAHONTAN,8,402.5,268.1,267.5,374.4,140,93
12,2010,North,NORTH COAST,6,3096.3,2019.6,1171.7,2135.8,106,69
12,2010,North,SAN FRANCISCO BAY,17,688,422.6,403,493.5,117,72
12,2010,Central,CENTRAL COAST,6,970.3,531.3,345,555.5,105,57
12,2010,South,SOUTH COAST,29,1973.8,1299.6,1179.4,1389.4,107,70
12,2010,North,SACRAMENTO,43,16001.1,9930.3,6794.9,11008.8,111,69
12,2010,Central,SAN JOAQUIN,34,11439.9,6445.4,5918.2,8206,127,72
12,2010,South,TULARE LAKE,6,2087.4,690,572.9,1098.4,159,53
12,2010,North,NORTH LAHONTAN,5,1072,482.5,136.6,382.9,79,36
12,2010,South,SOUTH LAHONTAN,8,402.5,265.2,276.6,285.2,108,71
1,2011,North,NORTH COAST,6,3096.3,2147.6,1436,2230.6,104,72
1,2011,North,SAN FRANCISCO BAY,17,688,466.6,482.5,485.4,104,71
1,2011,Central,CENTRAL COAST,6,970.3,589.8,483.8,615.6,104,63
1,2011,South,SOUTH COAST,29,1973.8,1366.3,1300.4,1466.1,107,74
1,2011,North,SACRAMENTO,43,16001.1,10675.9,8327.4,11176.4,105,70
1,2011,Central,SAN JOAQUIN,34,11439.9,6898.4,6436.5,8550.3,124,75
1,2011,South,TULARE LAKE,6,2087.4,768.4,650.6,1016.9,132,49
1,2011,North,NORTH LAHONTAN,5,1072,527.4,143.3,411.3,78,38
1,2011,South,SOUTH LAHONTAN,8,402.5,266.5,277,275.6,103,68
2,2011,North,NORTH COAST,6,3096.3,2258.1,1591.6,2315.5,103,75
2,2011,North,SAN FRANCISCO BAY,17,688,508.1,509,531.5,105,77
2,2011,Central,CENTRAL COAST,6,970.3,653.3,584.6,722.6,111,74
2,2011,South,SOUTH COAST,29,1973.8,1442.1,1393.2,1511.3,105,77
2,2011,North,SACRAMENTO,43,16001.1,11359.3,9603.1,11989.5,106,75
2,2011,Central,SAN JOAQUIN,34,11439.9,7175.7,6954.5,8684.6,121,76
2,2011,South,TULARE LAKE,6,2087.4,840.4,760.5,1008.4,120,48
2,2011,North,NORTH LAHONTAN,5,1072,551.4,165.4,449.2,81,42
2,2011,South,SOUTH LAHONTAN,8,402.5,266.5,285.7,292.3,110,73
3,2011,North,NORTH COAST,6,3096.3,2393.5,1728.1,2581,108,83
3,2011,North,SAN FRANCISCO BAY,17,688,528.6,535.8,590.1,112,86
3,2011,Central,CENTRAL COAST,6,970.3,699.6,648.5,886.5,127,91
3,2011,South,SOUTH COAST,29,1973.8,1511.6,1402.7,1605.7,106,81
3,2011,North,SACRAMENTO,43,16001.1,12345.8,10892.1,12968.6,105,81
3,2011,Central,SAN JOAQUIN,34,11439.9,7499.3,7577.6,9141.4,122,80
3,2011,South,TULARE LAKE,6,2087.4,906.3,867,1229.7,136,59
3,2011,North,NORTH LAHONTAN,5,1072,572.7,186,551.7,96,51
3,2011,South,SOUTH LAHONTAN,8,402.5,265.5,283.5,291.6,110,72
4,2011,North,NORTH COAST,6,3096.3,2489.9,1947.3,2779.6,112,90
4,2011,North,SAN FRANCISCO BAY,17,688,531.9,556.9,556.3,105,81
4,2011,Central,CENTRAL COAST,6,970.3,710.4,683.1,898.1,126,93
4,2011,South,SOUTH COAST,29,1973.8,1527.4,1388.7,1634.4,107,83
4,2011,North,SACRAMENTO,43,16001.1,13154.6,12649.8,14147,108,88
4,2011,Central,SAN JOAQUIN,34,11439.9,7742.6,7839.3,8940.5,115,78
4,2011,South,TULARE LAKE,6,2087.4,1049.7,1100.5,1193.1,114,57
4,2011,North,NORTH LAHONTAN,5,1072,610.3,242.5,640.1,105,60
4,2011,South,SOUTH LAHONTAN,8,402.5,260.1,269.1,274.9,106,68
5,2011,North,NORTH COAST,6,3096.3,2591.1,1988.8,2728.1,105,88
5,2011,North,SAN FRANCISCO BAY,17,688,515.3,589.4,537.9,104,78
5,2011,Central,CENTRAL COAST,6,970.3,693.3,676.6,891.5,129,92
5,2011,South,SOUTH COAST,29,1973.8,1514.5,1371.8,1605.3,106,81
5,2011,North,SACRAMENTO,43,16001.1,13652.6,13543.5,14848.5,109,93
5,2011,Central,SAN JOAQUIN,34,11439.9,8303.6,8000.8,9297.9,112,81
5,2011,South,TULARE LAKE,6,2087.4,1357.5,1297.4,1358.2,100,65
5,2011,North,NORTH LAHONTAN,5,1072,662.7,318.4,751.7,113,70
5,2011,South,SOUTH LAHONTAN,8,402.5,267.8,261.4,266,99,66
6,2011,North,NORTH COAST,6,3096.3,2500.7,2225.5,2874.1,115,93
6,2011,North,SAN FRANCISCO BAY,17,688,494.3,525.1,530.3,107,77
6,2011,Central,CENTRAL COAST,6,970.3,662.2,637.7,877.4,132,90
6,2011,South,SOUTH COAST,29,1973.8,1472.8,1346.9,1586.8,108,80
6,2011,North,SACRAMENTO,43,16001.7,13059,13810.9,15174.1,116,95
6,2011,Central,SAN JOAQUIN,34,11440.4,8301.2,8977.5,10622.3,128,93
6,2011,South,TULARE LAKE,6,2087.4,1360.7,1698.4,1788.2,131,86
6,2011,North,NORTH LAHONTAN,5,1072,683.4,442.8,947.5,139,88
6,2011,South,SOUTH LAHONTAN,8,402.5,297.8,298.5,301.2,101,75
7,2011,North,NORTH COAST,6,3096.3,2335.6,2168.8,2809.6,120,91
7,2011,North,SAN FRANCISCO BAY,17,688,469.4,507.3,515,110,75
7,2011,Central,CENTRAL COAST,6,970.3,622.2,596.1,836.2,134,86
7,2011,South,SOUTH COAST,29,1973.8,1420.6,1335.5,1544,109,78
7,2011,North,SACRAMENTO,43,16001.7,11809,12431.7,14480.5,123,90
7,2011,Central,SAN JOAQUIN,34,11440.4,7552.6,8327.5,10505,139,92
7,2011,South,TULARE LAKE,6,2087.4,1053,1343.6,1660.6,158,80
7,2011,North,NORTH LAHONTAN,5,1072,649.7,412.8,992.2,153,93
7,2011,South,SOUTH LAHONTAN,8,402.5,306.5,318.4,331.7,108,82
8,2011,North,NORTH COAST,6,3096.3,2151.2,2047.3,2683.2,125,87
8,2011,North,SAN FRANCISCO BAY,17,688,444.7,491.1,499,112,73
8,2011,Central,CENTRAL COAST,6,970.3,578.6,548.7,797.2,138,82
8,2011,South,SOUTH COAST,29,1973.8,1367.9,1301.7,1519.4,111,77
8,2011,North,SACRAMENTO,43,16001.7,10621.4,11092.1,13330.9,126,83
8,2011,Central,SAN JOAQUIN,34,11440.4,6771.7,7495.6,9477.2,140,83
8,2011,South,TULARE LAKE,6,2087.4,785.9,901.2,1275.1,162,61
8,2011,North,NORTH LAHONTAN,5,1072,574,315.8,929.5,162,87
8,2011,South,SOUTH LAHONTAN,8,402.5,292.1,285.1,341.7,117,85
9,2011,North,NORTH COAST,6,3096.3,1988.3,1937.5,2542.9,128,82
9,2011,North,SAN FRANCISCO BAY,17,688,420.5,475.1,484.1,115,70
9,2011,Central,CENTRAL COAST,6,970.3,546.4,507.8,761.1,139,78
9,2011,South,SOUTH COAST,29,1973.8,1325.6,1253.3,1454.3,110,74
9,2011,North,SACRAMENTO,43,16001.7,9912.2,10240.9,12292,124,77
9,2011,Central,SAN JOAQUIN,34,11440.4,6399.7,6983,8833.4,138,77
9,2011,South,TULARE LAKE,6,2087.4,678.7,721.5,1023.9,151,49
9,2011,North,NORTH LAHONTAN,5,1072,507.5,240.2,854.8,168,80
9,2011,South,SOUTH LAHONTAN,8,402.5,279.3,260.3,321,115,80
10,2011,North,NORTH COAST,6,3096.3,1894.2,1860.1,2416.5,128,78
10,2011,North,SAN FRANCISCO BAY,17,688,402.2,461.5,473.3,118,69
10,2011,Central,CENTRAL COAST,6,970.3,524.8,481.5,727.2,139,75
10,2011,South,SOUTH COAST,29,1973.8,1285,1262,1417.2,110,72
10,2011,North,SACRAMENTO,43,16001.7,9492.6,10039.2,11706.9,123,73
10,2011,Central,SAN JOAQUIN,34,11440.4,6176.2,6929.9,8533.3,138,75
10,2011,South,TULARE LAKE,6,2087.4,637.4,684.8,913.1,143,44
10,2011,North,NORTH LAHONTAN,5,1072,465.4,258.5,805.3,173,75
10,2011,South,SOUTH LAHONTAN,8,402.5,272.3,253.3,298.1,109,74
11,2011,North,NORTH COAST,6,3096.3,1892.7,1892.7,2308.6,122,75
11,2011,North,SAN FRANCISCO BAY,17,688,399.8,453.3,455.8,114,66
11,2011,Central,CENTRAL COAST,6,970.3,516.5,473.9,724.9,140,75
11,2011,South,SOUTH COAST,29,1973.8,1279.6,1250.9,1411.8,110,72
11,2011,North,SACRAMENTO,43,16001.7,9478.3,9847.2,11307.4,119,71
11,2011,Central,SAN JOAQUIN,34,11440.4,6276.1,7201.8,8419.6,134,74
11,2011,South,TULARE LAKE,6,2087.4,647.8,733.3,897.1,138,43
11,2011,North,NORTH LAHONTAN,5,1072,459.2,271.9,754.4,164,70
11,2011,South,SOUTH LAHONTAN,8,402.5,267.3,374.4,296.1,111,74
11,2011,North,NORTH COAST,6,3096.3,1993.4,2135.8,2248.5,113,73
12,2012,North,SAN FRANCISCO BAY,17,688,423.8,493.5,430.5,102,63
12,2012,Central,CENTRAL COAST,6,970.3,535,556.5,717.2,134,74
12,2012,South,SOUTH COAST,29,1973.8,1308.1,1389.4,1373.8,105,70
12,2012,North,SACRAMENTO,43,16001.7,9826.4,11008.8,10779.1,110,67
12,2012,Central,SAN JOAQUIN,34,11440.4,6501.3,8206,8487.7,131,74
12,2012,South,TULARE LAKE,6,2087.4,684.9,1098.4,885.1,129,42
12,2012,North,NORTH LAHONTAN,5,1072,473.9,382.9,703.9,149,66
12,2012,South,SOUTH LAHONTAN,8,402.5,265.4,285.2,302,114,75
1,2012,North,NORTH COAST,6,3096.3,2114.3,2230.6,2293.4,108,74
1,2012,North,SAN FRANCISCO BAY,17,688,466.4,485.4,418.7,90,61
1,2012,Central,CENTRAL COAST,6,970.3,597.1,615.6,729.2,122,75
1,2012,South,SOUTH COAST,29,1973.8,1375.1,1466.1,1384.7,101,70
1,2012,North,SACRAMENTO,43,16001.7,10538,11176.4,10874.7,103,68
1,2012,Central,SAN JOAQUIN,34,11440.4,6933.2,8550.3,8432.2,122,74
1,2012,South,TULARE LAKE,6,2087.4,763.9,1016.9,929.6,122,45
1,2012,North,NORTH LAHONTAN,5,1072,503.4,411.3,727.7,145,68
1,2012,South,SOUTH LAHONTAN,8,402.5,267.4,275.6,304.7,114,76
2,2012,North,NORTH COAST,6,3096.3,2224.6,2315.5,2295.5,103,74
2,2012,North,SAN FRANCISCO BAY,17,688,505.7,531.5,418.6,83,61
2,2012,Central,CENTRAL COAST,6,970.3,656.8,724.3,725.2,110,75
2,2012,South,SOUTH COAST,29,1973.8,1447.2,1511.3,1385.7,96,70
2,2012,North,SACRAMENTO,43,16001.7,11244,11989.5,10917.8,97,68
2,2012,Central,SAN JOAQUIN,34,11440.4,7211.1,8684.6,8174.1,113,71
2,2012,South,TULARE LAKE,6,2087.4,840.9,1008.4,953.4,113,46
2,2012,North,NORTH LAHONTAN,5,1072,526.8,449.2,720.9,137,67
2,2012,South,SOUTH LAHONTAN,8,402.5,267.7,292.3,301.4,113,75
3,2012,North,NORTH COAST,6,3096.3,2359.9,2581,2508.5,106,81
3,2012,North,SAN FRANCISCO BAY,17,688,526.9,590.1,464.8,88,68
3,2012,Central,CENTRAL COAST,6,970.3,701.1,885,726.1,104,75
3,2012,South,SOUTH COAST,29,1973.8,1509,1605.7,1398.2,93,71
3,2012,North,SACRAMENTO,43,16001.7,12243.4,12968.6,12943,106,81
3,2012,Central,SAN JOAQUIN,34,11440.4,7536.9,9141.4,8378.2,111,73
3,2012,South,TULARE LAKE,6,2087.4,915.3,1229.7,1038.3,113,50
3,2012,North,NORTH LAHONTAN,5,1072,547.4,551.7,755.7,138,70
3,2012,South,SOUTH LAHONTAN,8,402.5,266.9,291.6,299.1,112,74
4,2012,North,NORTH COAST,6,3096.3,2459.4,2779.6,2793.2,114,90
4,2012,North,SAN FRANCISCO BAY,17,688,529.9,556.3,486.6,92,71
4,2012,Central,CENTRAL COAST,6,970.3,711.3,897.8,728.4,102,75
4,2012,South,SOUTH COAST,29,1973.8,1524.2,1634.4,1431.4,94,73
4,2012,North,SACRAMENTO,43,16001.7,13043.1,14147,14915.8,114,93
4,2012,Central,SAN JOAQUIN,34,11440.4,7773,8940.5,8940.5,115,78
4,2012,South,TULARE LAKE,6,2087.4,1062,1193.1,1291.4,122,62
4,2012,North,NORTH LAHONTAN,5,1072,585.7,640.1,818.1,140,76
4,2012,South,SOUTH LAHONTAN,8,402.5,261.5,274.9,304.4,116,76
5,2012,North,NORTH COAST,6,3096.3,2550,2728.1,2764.6,108,89
5,2012,North,SAN FRANCISCO BAY,17,688,515.3,537.9,483.2,94,70
5,2012,Central,CENTRAL COAST,6,970.3,693.9,891.5,697,100,72
5,2012,South,SOUTH COAST,29,1973.8,1514.8,1605.1,1445,95,73
5,2012,North,SACRAMENTO,43,16001.7,13519.5,14848.5,14857.7,110,93
5,2012,Central,SAN JOAQUIN,34,11440.4,8303.4,9297.9,8785.3,106,77
5,2012,South,TULARE LAKE,6,2087.4,1365.9,1358.2,1467.8,107,70
5,2012,North,NORTH LAHONTAN,5,1072,654,751.3,849.3,130,79
5,2012,South,SOUTH LAHONTAN,8,402.5,269.6,266,311.3,115,77
6,2012,North,NORTH COAST,6,3096.3,2500.7,2874.1,2627.2,105,85
6,2012,North,SAN FRANCISCO BAY,17,688,494.3,530.3,469.5,95,68
6,2012,Central,CENTRAL COAST,6,970.3,662.2,877.4,654.6,99,67
6,2012,South,SOUTH COAST,29,1973.8,1472.8,1586.8,1412.1,96,72
6,2012,North,SACRAMENTO,43,16001.7,13059,15167.9,13773.7,105,86
6,2012,Central,SAN JOAQUIN,34,11440.4,8301.2,10592.3,7905.1,95,69
6,2012,South,TULARE LAKE,6,2087.4,1360.7,1786.7,1127.9,83,54
6,2012,North,NORTH LAHONTAN,5,1072,683.4,945.3,804.2,118,75
6,2012,South,SOUTH LAHONTAN,8,402.5,297.8,301.1,294.4,99,73
7,2012,North,NORTH COAST,6,3096.3,2335.6,2809.9,2468.6,106,80
7,2012,North,SAN FRANCISCO BAY,17,688,469.4,515,453.2,97,66
7,2012,Central,CENTRAL COAST,6,970.3,622.2,836.2,610.1,98,63
7,2012,South,SOUTH COAST,29,1973.8,1420.6,1556.4,1365.9,96,69
7,2012,North,SACRAMENTO,43,16001.7,11809,14481.4,11972.4,101,75
7,2012,Central,SAN JOAQUIN,34,11440.4,7552.6,10506.8,7066.3,94,62
7,2012,South,TULARE LAKE,6,2087.4,1053,1658.6,648.1,62,31
7,2012,North,NORTH LAHONTAN,5,1072,649.7,992.2,739.6,114,69
7,2012,South,SOUTH LAHONTAN,8,402.5,306.5,331.7,278.9,91,69
8,2012,North,NORTH COAST,6,3096.3,2151.2,2683.2,2291.6,107,74
8,2012,North,SAN FRANCISCO BAY,17,688,444.7,499,440.2,99,64
8,2012,Central,CENTRAL COAST,6,970.3,578.6,797.2,557.1,96,57
8,2012,South,SOUTH COAST,29,1973.8,1367.9,1519.4,1339.4,98,68
8,2012,North,SACRAMENTO,43,16001.7,10621.4,13297,10485.6,99,66
8,2012,Central,SAN JOAQUIN,34,11440.4,6771.7,9477.2,6410.5,95,56
8,2012,South,TULARE LAKE,6,2087.4,785.9,1273.3,440.8,56,21
8,2012,North,NORTH LAHONTAN,5,1072,574,929.5,662.5,115,62
8,2012,South,SOUTH LAHONTAN,8,402.5,292.1,341.7,256.6,88,64
9,2012,North,NORTH COAST,6,3096.3,1988.3,2543.3,2132,107,69
9,2012,North,SAN FRANCISCO BAY,17,688,420.5,484.1,428.9,102,62
9,2012,Central,CENTRAL COAST,6,970.3,546.4,761.1,511.9,94,53
9,2012,South,SOUTH COAST,29,1973.8,1325.6,1446.6,1301.3,98,66
9,2012,North,SACRAMENTO,43,16001.7,9912.2,12290,9647.9,97,60
9,2012,Central,SAN JOAQUIN,34,11440.4,6399.7,8829.4,6072.5,95,53
9,2012,South,TULARE LAKE,6,2087.4,678.7,1021.9,398.5,59,19
9,2012,North,NORTH LAHONTAN,5,1072,507.5,854.8,585.2,115,55
9,2012,South,SOUTH LAHONTAN,8,402.5,279.3,321,233.1,83,58
10,2012,North,NORTH COAST,6,3096.3,1894.2,2416.5,2045.4,108,66
10,2012,North,SAN FRANCISCO BAY,17,688,402.2,473.3,412.9,103,60
10,2012,Central,CENTRAL COAST,6,970.3,524.8,727.2,482.2,92,50
10,2012,South,SOUTH COAST,29,1973.8,1285,1416.5,1207.4,94,61
10,2012,North,SACRAMENTO,43,16001.7,9492.6,11706.9,9052.7,95,57
10,2012,Central,SAN JOAQUIN,34,11440.4,6176.2,8533.3,5821.3,94,51
10,2012,South,TULARE LAKE,6,2087.4,637.4,913.1,387.5,61,19
10,2012,North,NORTH LAHONTAN,5,1072,465.4,805.3,527.2,113,49
10,2012,South,SOUTH LAHONTAN,8,402.5,272.3,298.1,235,86,58
11,2012,North,NORTH COAST,6,3096.3,1892.7,2308.6,2120.6,112,68
11,2012,North,SAN FRANCISCO BAY,17,688,399.8,455.8,419.5,105,61
11,2012,Central,CENTRAL COAST,6,970.3,516.5,724.9,474.2,92,49
11,2012,South,SOUTH COAST,29,1973.8,1279.6,1410.5,1207.7,94,61
11,2012,North,SACRAMENTO,43,16001.7,9478.3,11307.4,9343.8,99,58
11,2012,Central,SAN JOAQUIN,34,11440.4,6276.1,8419.6,5915.7,94,52
11,2012,South,TULARE LAKE,6,2087.4,647.8,897.1,398.7,62,19
11,2012,North,NORTH LAHONTAN,5,1072,459.2,754.4,496.3,108,46
11,2012,South,SOUTH LAHONTAN,8,402.5,267.3,296.1,241.2,90,60
12,2012,North,NORTH COAST,6,3096.3,1993.4,2248.5,2338.4,117,76
12,2012,North,SAN FRANCISCO BAY,17,688,423.8,430.5,484.4,114,70
12,2012,Central,CENTRAL COAST,6,970.3,535,717.2,534.5,100,55
12,2012,South,SOUTH COAST,29,1973.8,1308.1,1402.5,1231.1,94,62
12,2012,North,SACRAMENTO,43,16001.7,9826.4,10779.1,11708.7,119,73
12,2012,Central,SAN JOAQUIN,34,11440.4,6501.3,8487.7,6701.1,103,59
12,2012,South,TULARE LAKE,6,2087.4,684.9,885.1,456.2,67,22
12,2012,North,NORTH LAHONTAN,5,1072,473.9,703.9,603.2,127,56
12,2012,South,SOUTH LAHONTAN,8,402.5,265.4,302,232,87,58
1,2013,North,NORTH COAST,6,3096.2,2114.3,2293.4,2354,111,76
1,2013,North,SAN FRANCISCO BAY,17,703.6,466.4,418.7,465.7,100,66
1,2013,Central,CENTRAL COAST,6,965.5,597.1,730,545.5,91,56
1,2013,South,SOUTH COAST,29,2116.4,1375.1,1406.9,1217.1,89,58
1,2013,North,SACRAMENTO,43,16091.7,10538,10875.3,11955.5,113,74
1,2013,Central,SAN JOAQUIN,34,11458.3,6933.2,8432.7,6957.3,100,61
1,2013,South,TULARE LAKE,6,2077.2,763.9,929.6,504.9,66,24
1,2013,North,NORTH LAHONTAN,5,1073.5,503.4,727.7,580.2,115,54
1,2013,South,SOUTH LAHONTAN,8,411.9,267.4,304.8,240.6,90,58
2,2013,North,NORTH COAST,6,3096.3,2224.6,2295.5,2390.9,107,77
2,2013,North,SAN FRANCISCO BAY,17,688,505.7,418.6,448.4,89,65
2,2013,Central,CENTRAL COAST,6,970.3,656.8,725.2,542.8,83,56
2,2013,South,SOUTH COAST,29,1973.8,1447.2,1410.8,1212.3,84,61
2,2013,North,SACRAMENTO,43,16001.7,11244,10917.8,12192.2,108,76
2,2013,Central,SAN JOAQUIN,34,11440.4,7211.1,8174.1,6979.2,97,61
2,2013,South,TULARE LAKE,6,2087.4,840.9,953.4,535,64,26
2,2013,North,NORTH LAHONTAN,5,1072,526.8,720.9,557.3,106,52
2,2013,South,SOUTH LAHONTAN,8,402.5,267.7,301.4,249,93,62
3,2013,North,NORTH COAST,6,3096.3,2359.9,2508.5,2474.9,105,80
3,2013,North,SAN FRANCISCO BAY,17,688,526.9,464.8,441.2,84,64
3,2013,Central,CENTRAL COAST,6,970.3,701.1,726.1,527.2,75,54
3,2013,South,SOUTH COAST,29,1973.8,1509,1398.2,1241.9,82,63
3,2013,North,SACRAMENTO,43,16001.7,12243.4,12943,12746.3,104,80
3,2013,Central,SAN JOAQUIN,34,11440.4,7536.9,8378.2,7150.3,95,63
3,2013,South,TULARE LAKE,6,2087.4,915.3,1038.3,609.1,67,29
3,2013,North,NORTH LAHONTAN,5,1072,547.4,755.7,576.9,105,54
3,2013,South,SOUTH LAHONTAN,8,402.5,266.9,299.1,248.7,93,62
4,2013,North,NORTH COAST,6,3096.3,2459.4,2793.2,2526.4,103,82
4,2013,North,SAN FRANCISCO BAY,17,688,529.9,486.6,446.3,84,65
4,2013,Central,CENTRAL COAST,6,970.3,711.3,728.4,496.3,70,51
4,2013,South,SOUTH COAST,29,1973.8,1524.2,1431.2,1239.2,81,63
4,2013,North,SACRAMENTO,43,16001.7,13043.1,14915.8,13106.5,100,82
4,2013,Central,SAN JOAQUIN,34,11440.4,7773,8940.5,7273.7,94,64
4,2013,South,TULARE LAKE,6,2087.4,1062,1291.4,762,72,37
4,2013,North,NORTH LAHONTAN,5,1072,585.7,818.1,589.3,101,55
4,2013,South,SOUTH LAHONTAN,8,402.5,261.5,304.4,253.8,97,63
5,2013,North,NORTH COAST,6,3096.3,2550,2764.6,2367.2,93,76
5,2013,North,SAN FRANCISCO BAY,17,688,515.3,483.2,440.9,86,64
5,2013,Central,CENTRAL COAST,6,970.3,693.9,697,455.5,66,47
5,2013,South,SOUTH COAST,29,1973.8,1514.8,1445,1221.3,81,62
5,2013,North,SACRAMENTO,43,16001.7,13519.5,14856.2,12380.5,92,77
5,2013,Central,SAN JOAQUIN,34,11440.4,8303.4,8785.3,7138.2,86,62
5,2013,South,TULARE LAKE,6,2087.4,1365.9,1467.4,866.1,63,41
5,2013,North,NORTH LAHONTAN,5,1072,654,849.3,610.8,93,57
5,2013,South,SOUTH LAHONTAN,8,402.5,269.6,311.3,258.9,96,64
6,2013,North,NORTH COAST,6,3096.3,2500.7,2627.2,2153.4,86,70
6,2013,North,SAN FRANCISCO BAY,17,688,494.3,469.5,431.7,87,63
6,2013,Central,CENTRAL COAST,6,970.3,662.2,654.6,410.6,62,42
6,2013,South,SOUTH COAST,29,1973.8,1472.8,1412.1,1191,81,60
6,2013,North,SACRAMENTO,43,16001.7,13059,13776.3,11349,87,71
6,2013,Central,SAN JOAQUIN,34,11440.4,8301.2,7905.1,6525.1,79,57
6,2013,South,TULARE LAKE,6,2087.4,1360.7,1126.2,679.3,50,33
6,2013,North,NORTH LAHONTAN,5,1072,683.4,804.2,578.3,85,54
6,2013,South,SOUTH LAHONTAN,8,402.5,297.8,294.4,260.1,87,65
7,2013,North,NORTH COAST,6,3096.2,2335.6,2468.6,1902.6,81,61
7,2013,North,SAN FRANCISCO BAY,17,703.6,469.4,453.2,419.6,89,60
7,2013,Central,CENTRAL COAST,6,965.5,622.2,610.1,357.8,58,37
7,2013,South,SOUTH COAST,29,2116.4,1420.6,1365.9,1202,85,57
7,2013,North,SACRAMENTO,43,16091.7,11809,11972.4,9854,83,61
7,2013,Central,SAN JOAQUIN,34,11458.3,7552.6,7066.3,5835.3,77,51
7,2013,South,TULARE LAKE,6,2077.2,1053,649.3,438.6,42,21
7,2013,North,NORTH LAHONTAN,5,1073.5,649.7,739.6,520.3,80,48
7,2013,South,SOUTH LAHONTAN,8,411.9,306.5,278.9,256.6,84,62
8,2013,North,NORTH COAST,6,3096.3,2151.2,2291.6,1695.7,79,55
8,2013,North,SAN FRANCISCO BAY,17,688,444.7,440.2,407.6,92,59
8,2013,Central,CENTRAL COAST,6,970.3,578.6,557.1,308.4,53,32
8,2013,South,SOUTH COAST,29,1973.8,1367.9,1339.4,1170.4,86,59
8,2013,North,SACRAMENTO,43,16001.7,10621.4,10488.7,8635,81,54
8,2013,Central,SAN JOAQUIN,34,11440.4,6771.7,6410.5,5448.9,80,48
8,2013,South,TULARE LAKE,6,2087.4,785.9,442,356,45,17
8,2013,North,NORTH LAHONTAN,5,1072,574,662.1,438.1,76,41
8,2013,South,SOUTH LAHONTAN,8,402.5,292.1,256.6,239.2,82,59
9,2013,North,NORTH COAST,6,3096.3,1988.3,2132,1571.7,79,51
9,2013,North,SAN FRANCISCO BAY,17,688,420.5,428.9,394,94,57
9,2013,Central,CENTRAL COAST,6,970.3,546.4,511.9,258.4,47,27
9,2013,South,SOUTH COAST,29,1973.8,1325.6,1300.7,1153.3,87,58
9,2013,North,SACRAMENTO,43,16001.7,9912.2,9647.9,7975.6,80,50
9,2013,Central,SAN JOAQUIN,34,11440.4,6399.7,6072.6,5134,80,45
9,2013,South,TULARE LAKE,6,2087.4,678.7,398.5,333.5,49,16
9,2013,North,NORTH LAHONTAN,5,1072,507.5,584.8,354,70,33
9,2013,South,SOUTH LAHONTAN,8,402.5,279.3,232.6,226,81,56
10,2013,North,NORTH COAST  ,6,3096.2,1894.2,2045.4,1474.3,78,48
10,2013,North,SAN FRANCISCO BAY  ,17,714.5,402.2,412.9,381.3,95,53
10,2013,Central,CENTRAL COAST  ,6,993.8,524.8,482.2,232.1,44,23
10,2013,South,SOUTH COAST  ,29,2122.6,1285,1207.4,1137.4,89,54
10,2013,North,SACRAMENTO  ,43,16150.8,9492.6,9053.7,7472.2,79,46
10,2013,Central,SAN JOAQUIN  ,34,11485,6176.2,5821.4,4783.7,77,42
10,2013,South,TULARE LAKE  ,6,2087.5,637.4,387.5,318,50,15
10,2013,North,NORTH LAHONTAN  ,5,1073.3,465.4,527.2,290.1,62,27
10,2013,South,SOUTH LAHONTAN  ,8,411.6,272.3,235,218.7,80,53
11,2013,North,NORTH COAST  ,6,3096.2,1892.7,2120.6,1449.9,77,47
11,2013,North,SAN FRANCISCO BAY  ,17,714.5,399.8,419.5,375.8,94,53
11,2013,Central,CENTRAL COAST  ,6,993.8,516.5,474.2,223.1,43,22
11,2013,South,SOUTH COAST  ,29,2122.6,1279.6,1207.7,1132.8,89,53
11,2013,North,SACRAMENTO  ,43,16150.8,9478.3,9343.3,7089.9,75,44
11,2013,Central,SAN JOAQUIN  ,34,11485,6276.1,5920.4,4736.1,75,41
11,2013,South,TULARE LAKE  ,6,2087.5,647.8,398.7,322.5,50,15
11,2013,North,NORTH LAHONTAN  ,5,1073.3,459.2,497,238.8,52,22
11,2013,South,SOUTH LAHONTAN  ,8,411.6,267.3,241.3,223.9,84,54
12,2013,North,NORTH COAST  ,6,3096.2,1993.4,2338.4,1408,71,45
12,2013,North,SAN FRANCISCO BAY  ,17,714.5,423.8,484.4,369.3,87,52
12,2013,Central,CENTRAL COAST  ,6,993.8,535,534.5,214.9,40,22
12,2013,South,SOUTH COAST  ,29,2122.6,1308.1,1231.4,1163.5,89,55
12,2013,North,SACRAMENTO  ,43,16150.8,9826.4,11708.7,6836.2,70,42
12,2013,Central,SAN JOAQUIN  ,34,11485,6501.3,6698.6,4707.5,72,41
12,2013,South,TULARE LAKE  ,6,2087.5,684.9,456.2,335,49,16
12,2013,North,NORTH LAHONTAN  ,5,1073.3,473.9,603.2,211,45,20
12,2013,South,SOUTH LAHONTAN  ,8,411.6,265.4,232,229.3,86,56
1,2014,North,NORTH COAST  ,6,3096.2,2114.3,2354,1374.2,65,44
1,2014,North,SAN FRANCISCO BAY  ,17,714.5,466.4,465.7,356.6,76,50
1,2014,Central,CENTRAL COAST  ,6,993.8,597.1,545.5,206.9,35,21
1,2014,South,SOUTH COAST  ,29,2122.6,1375.1,1217.1,1155,84,54
1,2014,North,SACRAMENTO  ,43,16150.8,10538,11955.5,6720,64,42
1,2014,Central,SAN JOAQUIN  ,34,11485,6933.2,6957.3,4609,66,40
1,2014,South,TULARE LAKE  ,6,2087.5,763.9,504.9,335.4,44,16
1,2014,North,NORTH LAHONTAN  ,5,1073.3,503.4,580.2,208.8,41,19
1,2014,South,SOUTH LAHONTAN  ,8,411.6,267.4,240.6,237.1,89,58
2,2014,North,NORTH COAST  ,6,3096.2,2224.6,2390.9,1431.7,64,46
2,2014,North,SAN FRANCISCO BAY  ,17,714.5,505.7,448.4,394.8,78,55
2,2014,Central,CENTRAL COAST  ,6,993.8,656.8,542.8,203.3,31,20
2,2014,South,SOUTH COAST  ,29,2122.6,1447.2,1215.6,1137.2,79,54
2,2014,North,SACRAMENTO  ,43,16150.8,11244,12192.2,7464.8,66,46
2,2014,Central,SAN JOAQUIN  ,34,11485,7211.1,6980.3,4702.4,65,41
2,2014,South,TULARE LAKE  ,6,2087.5,840.9,535,358,43,17
2,2014,North,NORTH LAHONTAN  ,5,1073.3,526.8,557.3,267.1,51,25
2,2014,South,SOUTH LAHONTAN  ,8,411.6,267.7,249.1,241.3,90,59
3,2014,North,NORTH COAST  ,6,3096.2,2359.9,2474.9,1626.1,69,53
3,2014,North,SAN FRANCISCO BAY  ,17,714.5,526.9,441.2,436.1,83,61
3,2014,Central,CENTRAL COAST  ,6,993.8,701.1,527.2,209.9,30,21
3,2014,South,SOUTH COAST  ,29,2122.6,1509,1241.9,1142.4,76,54
3,2014,North,SACRAMENTO  ,43,16150.8,12243.4,12746.3,8812.9,72,55
3,2014,Central,SAN JOAQUIN  ,34,11485,7536.9,7150.5,5009.5,66,44
3,2014,South,TULARE LAKE  ,6,2087.5,915.3,609.1,405.9,44,19
3,2014,North,NORTH LAHONTAN  ,5,1073.3,547.4,576.9,282.2,52,26
3,2014,South,SOUTH LAHONTAN  ,8,411.6,266.9,248.8,244.7,92,59
4,2014,North,NORTH COAST  ,6,3096.2,2459.4,2526.4,1605.2,65,52
4,2014,North,SAN FRANCISCO BAY  ,17,714.5,529.9,446.3,462.6,87,65
4,2014,Central,CENTRAL COAST  ,6,993.8,711.3,496.3,204.3,29,21
4,2014,South,SOUTH COAST  ,29,2122.6,1524.2,1239.2,1102.8,72,52
4,2014,North,SACRAMENTO  ,43,16150.8,13043.1,13106.5,9578,73,59
4,2014,Central,SAN JOAQUIN  ,34,11485,7773,7278.6,5335,69,46
4,2014,South,TULARE LAKE  ,6,2087.5,1062,762,552.1,52,26
4,2014,North,NORTH LAHONTAN  ,5,1073.3,585.7,589.3,288.1,49,27
4,2014,South,SOUTH LAHONTAN  ,8,411.6,261.5,253.7,248,95,60
5,2014,North,NORTH COAST  ,6,3096.2,2550,2367.2,1508.5,59,49
5,2014,North,SAN FRANCISCO BAY  ,17,714.5,515.3,440.9,460.7,89,64
5,2014,Central,CENTRAL COAST  ,6,993.8,693.9,455.4,192.5,28,19
5,2014,South,SOUTH COAST  ,29,2122.6,1514.8,1221.3,1022.7,68,48
5,2014,North,SACRAMENTO  ,43,16150.8,13519.5,12380.5,9169.4,68,57
5,2014,Central,SAN JOAQUIN  ,34,11485,8303.4,7138.2,5402.5,65,47
5,2014,South,TULARE LAKE  ,6,2087.5,1365.9,866.1,751,55,36
5,2014,North,NORTH LAHONTAN  ,5,1073.3,654,610.8,278.8,43,26
5,2014,South,SOUTH LAHONTAN  ,8,411.6,269.6,258.8,248.8,92,60
6,2014,North,NORTH COAST  ,6,3096.2,2500.7,2153.4,1355,54,44
6,2014,North,SAN FRANCISCO BAY  ,17,714.5,494.3,431.7,453.2,92,63
6,2014,Central,CENTRAL COAST  ,6,993.8,662.2,410.6,185.5,28,19
6,2014,South,SOUTH COAST  ,29,2122.6,1472.8,1191,954.9,65,45
6,2014,North,SACRAMENTO  ,43,16150.8,13059,11348.1,8273.9,63,51
6,2014,Central,SAN JOAQUIN  ,34,11485,8301.2,6524.4,4948.9,60,43
6,2014,South,TULARE LAKE  ,6,2087.5,1360.7,679.3,623.3,46,30
6,2014,North,NORTH LAHONTAN  ,5,1073.3,683.4,578.1,227.2,33,21
6,2014,South,SOUTH LAHONTAN  ,8,411.6,297.8,260.1,251.4,84,61
7,2014,North,NORTH COAST  ,6,3096.2,2335.6,1902.6,1134.4,49,37
7,2014,North,SAN FRANCISCO BAY  ,17,714.5,469.4,419.6,438.6,93,61
7,2014,Central,CENTRAL COAST  ,6,993.8,622.2,357.8,177.9,29,18
7,2014,South,SOUTH COAST  ,29,2122.6,1420.6,1202,958.2,67,45
7,2014,North,SACRAMENTO  ,43,16150.8,11809,9854,7306.8,62,45
7,2014,Central,SAN JOAQUIN  ,34,11485,7552.6,5835.3,4314.5,57,38
7,2014,South,TULARE LAKE  ,6,2087.5,1053,438.6,357.8,34,17
7,2014,North,NORTH LAHONTAN  ,5,1073.3,649.7,520.3,185,28,17
7,2014,South,SOUTH LAHONTAN  ,8,411.6,306.5,256.6,239.2,78,58
8,2014,North,NORTH COAST  ,6,3096.2,2151.2,1695.7,944.5,44,31
8,2014,North,SAN FRANCISCO BAY  ,17,714.5,444.7,407.6,418.7,94,59
8,2014,Central,CENTRAL COAST  ,6,993.8,578.6,308.4,169.7,29,17
8,2014,South,SOUTH COAST  ,29,2122.6,1367.9,1170.4,926.1,68,44
8,2014,North,SACRAMENTO  ,43,16150.8,10621.4,8635,6550.7,62,41
8,2014,Central,SAN JOAQUIN  ,34,11485,6771.7,5448.3,3842.9,57,33
8,2014,South,TULARE LAKE  ,6,2087.5,785.9,356,292,37,14
8,2014,North,NORTH LAHONTAN  ,5,1073.3,574,438.1,136.6,24,13
8,2014,South,SOUTH LAHONTAN  ,8,411.6,292.1,239.4,223.5,77,54
9,2014,North,NORTH COAST  ,6,3096.2,1988.3,1571.7,836.5,42,27
9,2014,North,SAN FRANCISCO BAY  ,17,703.6,420.5,394,397.1,94,56
9,2014,Central,CENTRAL COAST  ,6,965.5,546.4,258.4,162.2,30,17
9,2014,South,SOUTH COAST  ,29,2116.4,1325.6,1153.3,866.8,65,41
9,2014,North,SACRAMENTO  ,43,16091.7,9912.2,7975.6,6065.7,61,38
9,2014,Central,SAN JOAQUIN  ,34,11458.3,6399.7,5133.4,3638.4,57,32
9,2014,South,TULARE LAKE  ,6,2077.2,678.7,333.5,267.7,39,13
9,2014,North,NORTH LAHONTAN  ,5,1073.5,507.5,354,91.2,18,8
9,2014,South,SOUTH LAHONTAN  ,8,411.9,279.3,226,206.8,74,50
10,2014,North,NORTH COAST  ,6,3096.2,1894.2,1474.3,779.1,41,25
10,2014,North,SAN FRANCISCO BAY  ,17,714.5,402.2,381.3,373.8,93,52
10,2014,Central,CENTRAL COAST  ,6,993.8,524.8,232.1,154.6,29,16
10,2014,South,SOUTH COAST  ,29,2122.6,1285,1137.4,820.9,64,39
10,2014,North,SACRAMENTO  ,43,16150.8,9492.6,7472.2,5714.3,60,35
10,2014,Central,SAN JOAQUIN  ,34,11485,6176.2,4783.7,3394.8,55,30
10,2014,South,TULARE LAKE  ,6,2087.5,637.4,318,249.3,39,12
10,2014,North,NORTH LAHONTAN  ,5,1073.3,465.4,290.1,74.2,16,7
10,2014,South,SOUTH LAHONTAN  ,8,411.6,272.3,218.7,205.7,76,50
11,2014,North,NORTH COAST  ,6,3096.2,1892.7,1449.9,774.5,41,25
11,2014,North,SAN FRANCISCO BAY  ,17,714.5,399.8,375.8,371.1,93,52
11,2014,Central,CENTRAL COAST  ,6,993.8,516.5,223.1,150.9,29,15
11,2014,South,SOUTH COAST  ,29,2122.6,1279.6,1132.8,814.5,64,38
11,2014,North,SACRAMENTO  ,43,16150.8,9478.3,7089.9,5568.6,59,34
11,2014,Central,SAN JOAQUIN  ,34,11485,6276.1,4736.1,3406.9,54,30
11,2014,South,TULARE LAKE  ,6,2087.5,647.8,322.5,251,39,12
11,2014,North,NORTH LAHONTAN  ,5,1073.3,459.2,238.8,74.8,16,7
11,2014,South,SOUTH LAHONTAN  ,8,411.6,267.3,223.9,205.7,77,50
12,2014,North,NORTH COAST  ,6,3096.2,1993.4,1408,1144.9,57,37
12,2014,North,SAN FRANCISCO BAY  ,17,714.5,423.8,369.3,454.1,107,64
12,2014,Central,CENTRAL COAST  ,6,993.8,535,214.9,178.5,33,18
12,2014,South,SOUTH COAST  ,29,2122.6,1308.1,1163.5,893.2,68,42
12,2014,North,SACRAMENTO  ,43,16150.8,9826.4,6836.2,7641.5,78,47
12,2014,Central,SAN JOAQUIN  ,34,11485,6501.3,4707.5,3825.2,59,33
12,2014,South,TULARE LAKE  ,6,2087.5,684.9,335,270.5,39,13
12,2014,North,NORTH LAHONTAN  ,5,1073.3,473.9,211,76.3,16,7
12,2014,South,SOUTH LAHONTAN  ,8,411.6,265.4,229.3,212,80,52
1,2015,North,NORTH COAST  ,6,3096.2,2114.3,1374.2,1201.8,57,39
1,2015,North,SAN FRANCISCO BAY  ,17,714.5,466.4,356.6,438,94,61
1,2015,Central,CENTRAL COAST  ,6,993.8,597.1,206.9,178.5,30,18
1,2015,South,SOUTH COAST  ,29,2122.6,1375.1,1155,912.1,66,43
1,2015,North,SACRAMENTO  ,43,16150.8,10538,6720,7945.9,75,49
1,2015,Central,SAN JOAQUIN  ,34,11485,6933.2,4609,4079.2,59,36
1,2015,South,TULARE LAKE  ,6,2087.5,763.9,335.4,276.4,36,13
1,2015,North,NORTH LAHONTAN  ,5,1073.3,503.4,208.8,72,14,7
1,2015,South,SOUTH LAHONTAN  ,8,411.6,267.4,237.1,221.9,83,54
2,2015,North,NORTH COAST  ,6,3096.2,2224.6,1431.7,1533,69,50
2,2015,North,SAN FRANCISCO BAY  ,17,714.5,505.7,394.8,444.5,88,62
2,2015,Central,CENTRAL COAST  ,6,993.8,656.8,203.3,204.6,31,21
2,2015,South,SOUTH COAST  ,29,2122.6,1447.2,1137.2,886.1,61,42
2,2015,North,SACRAMENTO  ,43,16150.8,11244,7464.8,9439.8,84,58
2,2015,Central,SAN JOAQUIN  ,34,11485,7211.1,4702.4,4564.4,63,40
2,2015,South,TULARE LAKE  ,6,2087.5,840.9,358,333.5,40,16
2,2015,North,NORTH LAHONTAN  ,5,1073.3,526.8,267.1,80.6,15,8
2,2015,South,SOUTH LAHONTAN  ,8,411.6,267.7,241.3,227.8,85,55
3,2015,North,NORTH COAST  ,6,3096.2,2359.9,1626.1,1565.3,66,51
3,2015,North,SAN FRANCISCO BAY  ,17,714.5,526.9,436.1,443.4,84,62
3,2015,Central,CENTRAL COAST  ,6,993.8,701.1,209.9,203.8,29,21
3,2015,South,SOUTH COAST  ,29,2122.6,1509,1142.4,864.3,57,41
3,2015,North,SACRAMENTO  ,43,16150.8,12243.4,8812.9,9681,79,60
3,2015,Central,SAN JOAQUIN  ,34,11485,7536.9,5009.5,4640.6,62,40
3,2015,South,TULARE LAKE  ,6,2087.5,915.3,405.9,377.3,41,18
3,2015,North,NORTH LAHONTAN  ,5,1073.3,547.4,282.2,74.2,14,7
3,2015,South,SOUTH LAHONTAN  ,8,411.6,266.9,244.7,226,85,55
4,2015,North,NORTH COAST  ,6,3096.2,2459.4,1605.2,1533.9,62,50
4,2015,North,SAN FRANCISCO BAY  ,17,714.5,529.9,462.6,457.8,86,64
4,2015,Central,CENTRAL COAST  ,6,993.8,711.3,204.3,196.4,28,20
4,2015,South,SOUTH COAST  ,29,2122.6,1524.2,1102.8,872.8,57,41
4,2015,North,SACRAMENTO  ,43,16150.8,13043.1,9578,9664.4,74,60
4,2015,Central,SAN JOAQUIN  ,34,11485,7773,5335,4542.9,58,40
4,2015,South,TULARE LAKE  ,6,2087.5,1062,552.1,419,39,20
4,2015,North,NORTH LAHONTAN  ,5,1073.3,585.7,288.1,62.4,11,6
4,2015,South,SOUTH LAHONTAN  ,8,411.6,261.5,248,225.6,86,55
5,2015,North,NORTH COAST  ,6,3096.2,2550,1508.5,1354.8,53,44
5,2015,North,SAN FRANCISCO BAY  ,17,714.5,515.3,460.7,462.5,90,65
5,2015,Central,CENTRAL COAST  ,6,993.8,693.9,192.5,189.4,27,19
5,2015,South,SOUTH COAST  ,29,2122.6,1514.8,1022.7,914.2,60,43
5,2015,North,SACRAMENTO  ,43,16150.8,13519.5,9169.4,9056.8,67,56
5,2015,Central,SAN JOAQUIN  ,34,11485,8303.4,5402.5,4480,54,39
5,2015,South,TULARE LAKE  ,6,2087.5,1365.9,751,491.6,36,24
5,2015,North,NORTH LAHONTAN  ,5,1073.3,654,278.8,58.1,9,5
5,2015,South,SOUTH LAHONTAN  ,8,411.6,269.6,248.8,232.5,86,56
6,2015,North,NORTH COAST  ,6,3096.2,2500.7,1355,1239.2,50,40
6,2015,North,SAN FRANCISCO BAY  ,17,714.5,494.3,453.2,455.4,92,64
6,2015,Central,CENTRAL COAST  ,6,993.8,662.2,185.5,179.9,27,18
6,2015,South,SOUTH COAST  ,29,2122.6,1472.8,954.9,932.4,63,44
6,2015,North,SACRAMENTO  ,43,16150.8,13059,8273.9,8268.8,63,51
6,2015,Central,SAN JOAQUIN  ,34,11485,8301.2,4948.9,4084.4,49,36
6,2015,South,TULARE LAKE  ,6,2087.5,1360.7,623.3,461.5,34,22
6,2015,North,NORTH LAHONTAN  ,5,1073.3,683.4,227.2,54.9,8,5
6,2015,South,SOUTH LAHONTAN  ,8,411.6,297.8,251.4,235.8,79,57
7,2015,North,NORTH COAST  ,6,3096.2,2335.6,1134.4,1110.6,48,36
7,2015,North,SAN FRANCISCO BAY  ,17,714.5,469.4,438.6,443.2,94,62
7,2015,Central,CENTRAL COAST  ,6,993.8,622.2,177.9,170.6,27,17
7,2015,South,SOUTH COAST  ,29,2122.6,1420.6,958.2,950.5,67,45
7,2015,North,SACRAMENTO  ,43,16150.8,11809,7306.8,7399.8,63,46
7,2015,Central,SAN JOAQUIN  ,34,11485,7552.6,4314.5,3496.8,46,30
7,2015,South,TULARE LAKE  ,6,2087.5,1053,357.8,319.8,30,15
7,2015,North,NORTH LAHONTAN  ,5,1073.3,649.7,185,52.5,8,5
7,2015,South,SOUTH LAHONTAN  ,8,411.6,306.5,239.2,237.6,78,58
8,2015,North,NORTH COAST  ,6,3096.2,2151.2,944.5,943,44,30
8,2015,North,SAN FRANCISCO BAY  ,17,714.5,444.7,418.7,422.3,95,59
8,2015,Central,CENTRAL COAST  ,6,993.8,578.6,169.7,153.2,26,15
8,2015,South,SOUTH COAST  ,29,2122.6,1367.9,926.1,932.5,68,44
8,2015,North,SACRAMENTO  ,43,16150.8,10621.4,6550.7,6688.8,63,41
8,2015,Central,SAN JOAQUIN  ,34,11485,6771.7,3842.9,3072.4,45,27
8,2015,South,TULARE LAKE  ,6,2087.5,785.9,292,275.4,35,13
8,2015,North,NORTH LAHONTAN  ,5,1073.3,574,136.6,46.9,8,4
8,2015,South,SOUTH LAHONTAN  ,8,411.6,292.1,223.5,227.3,78,55
9,2015,North,NORTH COAST  ,6,3096.2,1988.3,836.5,791,40,26
9,2015,North,SAN FRANCISCO BAY  ,17,714.5,420.5,397.1,413.3,98,58
9,2015,Central,CENTRAL COAST  ,6,993.8,546.4,162.2,138.8,25,14
9,2015,South,SOUTH COAST  ,29,2122.6,1325.6,866.8,929.3,70,44
9,2015,North,SACRAMENTO  ,43,16150.8,9912.2,6065.7,6239.4,63,39
9,2015,Central,SAN JOAQUIN  ,34,11485,6399.7,3639,2850.6,45,25
9,2015,South,TULARE LAKE  ,6,2087.5,678.7,267.7,251.7,37,12
9,2015,North,NORTH LAHONTAN  ,5,1073.3,507.5,91.2,45.3,9,4
9,2015,South,SOUTH LAHONTAN  ,8,411.6,279.3,206.8,215.4,77,52
10,2015,North,NORTH COAST  ,6,3096.2,1861.5,779.1,735.5,40,24
10,2015,North,SAN FRANCISCO BAY  ,17,714.5,407.7,373.8,395,97,55
10,2015,Central,CENTRAL COAST  ,6,993.8,517.8,154.6,130.9,25,13
10,2015,South,SOUTH COAST  ,29,2122.6,1277.8,820.9,924.2,72,44
10,2015,North,SACRAMENTO  ,43,16150.8,9423.8,5714.3,5799.5,62,36
10,2015,Central,SAN JOAQUIN  ,34,11485,6162.8,3394.6,2675.2,43,23
10,2015,South,TULARE LAKE  ,6,2087.5,643.2,249.3,246.6,38,12
10,2015,North,NORTH LAHONTAN  ,5,1073.3,471.3,74.2,45.3,10,4
10,2015,South,SOUTH LAHONTAN  ,8,411.6,269.7,205.8,208.3,77,51
11,2015,North,NORTH COAST  ,6,3096.2,1855.3,774.5,697.3,38,23
11,2015,North,SAN FRANCISCO BAY  ,17,714.5,404.8,371.1,389.2,96,54
11,2015,Central,CENTRAL COAST  ,6,993.8,509.1,150.9,124.6,24,13
11,2015,South,SOUTH COAST  ,29,2122.6,1271.6,814.5,933.1,73,44
11,2015,North,SACRAMENTO  ,43,16150.8,9388.1,5568.6,5575,59,35
11,2015,Central,SAN JOAQUIN  ,34,11485,6256.1,3406.9,2708.9,43,24
11,2015,South,TULARE LAKE  ,6,2087.5,652.3,251,265.1,41,13
11,2015,North,NORTH LAHONTAN  ,5,1073.3,463.4,74.8,46.3,10,4
11,2015,South,SOUTH LAHONTAN  ,8,411.6,268.1,205.7,213,79,52
12,2015,North,NORTH COAST  ,6,3096.2,1951.9,1144.9,778.3,40,25
12,2015,North,SAN FRANCISCO BAY  ,17,714.5,429.8,454.1,406.8,95,57
12,2015,Central,CENTRAL COAST  ,6,993.8,529.2,178.5,118.5,22,12
12,2015,South,SOUTH COAST  ,29,2122.6,1303.1,893.2,972.5,75,46
12,2015,North,SACRAMENTO  ,43,16150.8,9766.4,7641.5,6097,62,38
12,2015,Central,SAN JOAQUIN  ,34,11485,6497.8,3825,2934.7,45,26
12,2015,South,TULARE LAKE  ,6,2087.5,694.1,270.5,292.6,42,14
12,2015,North,NORTH LAHONTAN  ,5,1073.3,475.5,76.3,51.3,11,5
12,2015,South,SOUTH LAHONTAN  ,8,411.6,264,212,225.1,85,55
1,2016,North,NORTH COAST  ,6,3096.2,2063.5,1201.8,1084.8,53,35
1,2016,North,SAN FRANCISCO BAY  ,17,714.5,466.3,438,462.6,99,65
1,2016,Central,CENTRAL COAST  ,6,993.8,588.4,178.5,140,24,14
1,2016,South,SOUTH COAST  ,29,2122.6,1364.9,912.1,1015,74,48
1,2016,North,SACRAMENTO  ,43,16150.8,10440.1,7945.9,8559.2,82,53
1,2016,Central,SAN JOAQUIN  ,34,11485,6902,4079.2,3602,52,31
1,2016,South,TULARE LAKE  ,6,2087.5,768.6,276.4,351.8,46,17
1,2016,North,NORTH LAHONTAN  ,5,1073.3,502.5,72,61.4,12,6
1,2016,South,SOUTH LAHONTAN  ,8,411.6,267,221.9,235,88,57
2,2016,North,NORTH COAST  ,6,3096.2,2173.6,1533,1259.3,58,41
2,2016,North,SAN FRANCISCO BAY  ,17,714.5,503.4,444.5,454.1,90,64
2,2016,Central,CENTRAL COAST  ,6,993.8,641.1,204.6,142.9,22,14
2,2016,South,SOUTH COAST  ,29,2122.6,1429.8,886.1,959.2,67,45
2,2016,North,SACRAMENTO  ,43,16150.8,11137.6,9439.8,9651.1,87,60
2,2016,Central,SAN JOAQUIN  ,34,11485,7154.5,4564,4184.8,58,36
2,2016,South,TULARE LAKE  ,6,2087.5,838.4,333.5,445,53,21
2,2016,North,NORTH LAHONTAN  ,5,1073.3,525.2,80.6,74.8,14,7
2,2016,South,SOUTH LAHONTAN  ,8,411.6,268.1,227.8,234.5,87,57
3,2016,North,NORTH COAST  ,6,3096.2,2317.6,1565.3,1718,74,55
3,2016,North,SAN FRANCISCO BAY  ,17,714.5,525.7,443.4,527.1,100,74
3,2016,Central,CENTRAL COAST  ,6,993.8,685.5,203.8,201.4,29,20
3,2016,South,SOUTH COAST  ,29,2122.6,1488.5,864.3,1035.7,70,49
3,2016,North,SACRAMENTO  ,43,16150.8,12166.1,9681,13076.7,107,81
3,2016,Central,SAN JOAQUIN  ,34,11485,7479.9,4641.2,5393.1,72,47
3,2016,South,TULARE LAKE  ,6,2087.5,921.4,377.3,657.5,71,31
3,2016,North,NORTH LAHONTAN  ,5,1073.3,546.5,74.2,107.4,20,10
3,2016,South,SOUTH LAHONTAN  ,8,411.6,266.4,226,239.6,90,58
4,2016,North,NORTH COAST  ,6,3096.2,2419.7,1533.9,1931.7,80,62
4,2016,North,SAN FRANCISCO BAY  ,17,714.5,528.4,457.8,514.9,97,72
4,2016,Central,CENTRAL COAST  ,6,993.8,693,196.4,200.4,29,20
4,2016,South,SOUTH COAST  ,29,2122.6,1502.8,872.8,1069.6,71,50
4,2016,North,SACRAMENTO  ,43,16150.8,12939.7,9664.4,13991.6,108,87
4,2016,Central,SAN JOAQUIN  ,34,11485,7694,4542.9,5926.1,77,52
4,2016,South,TULARE LAKE  ,6,2087.5,1057.4,419,906.6,86,43
4,2016,North,NORTH LAHONTAN  ,5,1073.3,581.8,62.4,181,31,17
4,2016,South,SOUTH LAHONTAN  ,8,411.6,261,225.6,234.2,90,57
5,2016,North,NORTH COAST  ,6,3096.2,2493.5,1354.8,1812.6,73,59
5,2016,North,SAN FRANCISCO BAY  ,17,714.5,514.8,462.5,507.1,99,71
5,2016,Central,CENTRAL COAST  ,6,993.8,675.8,189.4,194.1,29,20
5,2016,South,SOUTH COAST  ,29,2122.6,1493.8,914.2,1100.6,74,52
5,2016,North,SACRAMENTO  ,43,16150.8,13331.6,9056.8,13969.1,105,86
5,2016,Central,SAN JOAQUIN  ,34,11485,8166.9,4479.9,6343.8,78,55
5,2016,South,TULARE LAKE  ,6,2087.5,1348.7,491.6,1171.6,87,56
5,2016,North,NORTH LAHONTAN  ,5,1073.3,645.2,58.1,274.4,43,26
5,2016,South,SOUTH LAHONTAN  ,8,411.6,269.3,232.5,249.3,93,61
6,2016,North,NORTH COAST  ,6,3096.2,2442.1,1239.2,1668.6,68,54
6,2016,North,SAN FRANCISCO BAY  ,17,714.5,495.5,455.4,503,102,70
6,2016,Central,CENTRAL COAST  ,6,993.8,645.2,179.9,185.2,29,19
6,2016,South,SOUTH COAST  ,29,2122.6,1452.2,932.4,1139.3,78,54
6,2016,North,SACRAMENTO  ,43,16150.8,12833.2,8324.5,13026.6,102,81
6,2016,Central,SAN JOAQUIN  ,34,11485,8133.8,4084.4,6330.8,78,55
6,2016,South,TULARE LAKE  ,6,2087.5,1340.3,459.4,1144.9,85,55
6,2016,North,NORTH LAHONTAN  ,5,1073.3,670.7,54.9,291.6,43,27
6,2016,South,SOUTH LAHONTAN  ,8,411.6,295.1,235.7,271.7,92,66
7,2016,North,NORTH COAST  ,6,3096.2,2276.2,1110.6,1520.9,67,49
7,2016,North,SAN FRANCISCO BAY  ,17,714.5,471.9,443.2,483.4,102,68
7,2016,Central,CENTRAL COAST  ,6,993.8,606.4,170.6,170.6,28,17
7,2016,South,SOUTH COAST  ,29,2122.6,1404.9,950.5,1130.4,80,53
7,2016,North,SACRAMENTO  ,43,16150.8,11594.7,7399.8,11348,98,70
7,2016,Central,SAN JOAQUIN  ,34,11485,7404.8,3496.3,5645,76,49
7,2016,South,TULARE LAKE  ,6,2087.5,1030.2,320.6,699.5,68,34
7,2016,North,NORTH LAHONTAN  ,5,1073.3,638.9,52.4,233,36,22
7,2016,South,SOUTH LAHONTAN  ,8,411.6,302.7,237.6,267.1,88,65
8,2016,North,NORTH COAST  ,6,3096.2,2092.4,943,1399.4,67,45
8,2016,North,SAN FRANCISCO BAY  ,17,714.5,448.2,422.3,468.4,105,66
8,2016,Central,CENTRAL COAST  ,6,993.8,563.7,153.2,157,28,16
8,2016,South,SOUTH COAST  ,29,2122.6,1354.5,932.5,1098.1,81,52
8,2016,North,SACRAMENTO  ,43,16150.8,10436.7,6688.8,9863.9,95,61
8,2016,Central,SAN JOAQUIN  ,34,11478.8,6646.5,3072.3,5242,79,46
8,2016,South,TULARE LAKE  ,6,2087.5,770.7,275.8,492.9,64,24
8,2016,North,NORTH LAHONTAN  ,5,1073.3,564.5,46.9,161.2,29,15
8,2016,South,SOUTH LAHONTAN  ,8,411.6,287.7,227.2,249.8,87,61
9,2016,North,NORTH COAST  ,6,3096.2,1931.5,791,1284.3,66,41
9,2016,North,SAN FRANCISCO BAY  ,17,714.5,425.2,413.3,464.6,109,65
9,2016,Central,CENTRAL COAST  ,6,993.8,531.6,138.8,149.3,28,15
9,2016,South,SOUTH COAST  ,29,2122.6,1311.3,929.3,1070.6,82,50
9,2016,North,SACRAMENTO  ,43,16150.8,9746.9,6239.4,8943.9,92,55
9,2016,Central,SAN JOAQUIN  ,34,11478.8,6279.5,2848.6,5071.1,81,44
9,2016,South,TULARE LAKE  ,6,2087.5,667.7,252.1,412.4,62,20
9,2016,North,NORTH LAHONTAN  ,5,1073.3,499.3,45.3,118.8,24,11
9,2016,South,SOUTH LAHONTAN  ,8,411.6,273.1,215.3,235.7,86,57
10,2016,North,NORTH COAST,6,3096.2,1861.5,735.5,1346.7,72,43
10,2016,North,SAN FRANCISCO BAY,17,714.5,407.7,395,467.8,115,65
10,2016,Central,CENTRAL COAST,6,993.8,517.8,130.9,143.5,28,14
10,2016,South,SOUTH COAST,29,2122.6,1277.8,924.2,1048.7,82,49
10,2016,North,SACRAMENTO,43,16150.8,9423.8,5799.5,8910.7,95,55
10,2016,Central,SAN JOAQUIN,34,11478.8,6162.8,2675.2,5154.6,84,45
10,2016,South,TULARE LAKE,6,2087.5,643.2,246.6,419.7,65,20
10,2016,North,NORTH LAHONTAN,5,1073.3,471.3,45.3,119.2,25,11
10,2016,South,SOUTH LAHONTAN,8,411.6,269.7,208.3,228.7,85,56
11,2016,North,NORTH COAST,6,3096.2,1855.3,697.3,1440.2,78,47
11,2016,North,SAN FRANCISCO BAY,17,714.5,404.8,389.2,459.6,114,64
11,2016,Central,CENTRAL COAST,6,993.8,509.1,124.6,139.2,27,14
11,2016,South,SOUTH COAST,29,2122.6,1271.6,933.1,1025.6,81,48
11,2016,North,SACRAMENTO,43,16150.8,9388.1,5572.6,9155.5,98,57
11,2016,Central,SAN JOAQUIN,34,11478.8,6256.1,2708.9,5488.5,88,48
11,2016,South,TULARE LAKE,6,2087.5,652.3,265.1,438,67,21
11,2016,North,NORTH LAHONTAN,5,1073.3,463.4,46.3,124.6,27,12
11,2016,South,SOUTH LAHONTAN,8,411.6,268.1,212.6,240.3,90,58
12,2016,North,NORTH COAST,6,3096.2,1951.9,778.3,1670.1,86,54
12,2016,North,SAN FRANCISCO BAY,17,714.5,429.8,406.8,477.6,111,67
12,2016,Central,CENTRAL COAST,6,993.8,529.2,118.5,144.9,27,15
12,2016,South,SOUTH COAST,29,2122.6,1303.1,972.5,1038.1,80,49
12,2016,North,SACRAMENTO,43,16150.8,9766.4,6097,10568.3,108,65
12,2016,Central,SAN JOAQUIN,34,11478.8,6497.8,2934.7,6394.8,98,56
12,2016,South,TULARE LAKE,6,2087.5,694.1,292.6,510.7,74,24
12,2016,North,NORTH LAHONTAN,5,1073.3,475.5,51.3,196.7,41,18
12,2016,South,SOUTH LAHONTAN,8,411.6,264,224.5,250.4,95,61
1,2017,North,NORTH COAST,6,3096.2,2063.5,1084.8,1906.9,92,62
1,2017,North,SAN FRANCISCO BAY,17,714.5,466.3,462.6,577.2,124,81
1,2017,Central,CENTRAL COAST,6,993.8,588.4,140,460.5,78,46
1,2017,South,SOUTH COAST,29,2122.6,1364.9,1015,1217.7,89,57
1,2017,North,SACRAMENTO,43,16150.8,10440.1,8559.2,12496.8,120,77
1,2017,Central,SAN JOAQUIN,34,11478.8,6902,3602,8031,116,70
1,2017,South,TULARE LAKE,6,2087.5,768.6,351.8,1027.5,134,49
1,2017,North,NORTH LAHONTAN,5,1073.3,502.5,61.4,464.3,92,43
1,2017,South,SOUTH LAHONTAN,8,411.6,267,234.2,267.3,100,65
2,2017,North,NORTH COAST,6,3096.2,2173.6,1259.3,2406.7,111,78
2,2017,North,SAN FRANCISCO BAY,17,714.5,503.4,454.1,603.8,120,85
2,2017,Central,CENTRAL COAST,6,993.8,641.1,142.9,637.5,99,64
2,2017,South,SOUTH COAST,29,2122.6,1429.8,959.2,1373,96,65
2,2017,North,SACRAMENTO,43,16150.8,11137.6,9651.1,13202.6,119,82
2,2017,Central,SAN JOAQUIN,34,11478.8,7154.5,4184.8,9604.8,134,84
2,2017,South,TULARE LAKE,6,2087.5,838.4,445,1353.7,161,65
2,2017,North,NORTH LAHONTAN,5,1073.3,525.2,74.8,700.1,133,65
2,2017,South,SOUTH LAHONTAN,8,411.6,268.1,233.5,275.6,103,67
3,2017,North,NORTH COAST,6,3096.2,2317.6,1718,2643.7,114,85
3,2017,North,SAN FRANCISCO BAY,17,714.5,525.7,527.1,552.8,105,77
3,2017,Central,CENTRAL COAST,6,993.8,685.5,201.4,667.7,97,67
3,2017,South,SOUTH COAST,29,2122.6,1488.5,1035.7,1422.2,96,67
3,2017,North,SACRAMENTO,43,16150.8,12166.1,13076.7,13525.1,111,84
3,2017,Central,SAN JOAQUIN,34,11478.8,7479.9,5393.8,8959.7,120,78
3,2017,South,TULARE LAKE,6,2087.5,921.4,657.5,1017.5,110,49
3,2017,North,NORTH LAHONTAN,5,1073.3,546.5,107.4,753.1,138,70
3,2017,South,SOUTH LAHONTAN,8,411.6,266.4,239.6,245.2,92,60
4,2017,North,NORTH COAST,6,3096.2,2419.7,1931.7,2784.3,115,90
4,2017,North,SAN FRANCISCO BAY,17,714.5,528.4,514.9,525.5,99,74
4,2017,Central,CENTRAL COAST,6,993.8,693,200.4,685.7,99,69
4,2017,South,SOUTH COAST,29,2122.6,1502.8,1069.6,1410.9,94,66
4,2017,North,SACRAMENTO,43,16150.8,12939.7,13991.6,14076.5,109,87
4,2017,Central,SAN JOAQUIN,34,11478.8,7694,5926.1,9086.5,118,79
4,2017,South,TULARE LAKE,6,2087.5,1057.4,906.6,1031.2,98,49
4,2017,North,NORTH LAHONTAN,5,1073.3,581.8,181,802.1,138,75
4,2017,South,SOUTH LAHONTAN,8,411.6,261,235.4,221.7,85,54
5,2017,North,NORTH COAST,6,3096.2,2493.5,1812.6,2755.3,110,89
5,2017,North,SAN FRANCISCO BAY,17,714.5,514.8,507.1,495.6,96,69
5,2017,Central,CENTRAL COAST,6,993.8,675.8,194.1,652.2,97,66
5,2017,South,SOUTH COAST,29,2122.6,1493.8,1100.6,1404.4,94,66
5,2017,North,SACRAMENTO,43,16150.8,13331.6,13969.1,14245,107,88
5,2017,Central,SAN JOAQUIN,34,11478.8,8166.9,6349.4,10255.7,126,89
5,2017,South,TULARE LAKE,6,2087.5,1348.7,1171.6,1493.5,111,72
5,2017,North,NORTH LAHONTAN,5,1073.3,645.2,274.4,926.9,144,86
5,2017,South,SOUTH LAHONTAN,8,411.6,269.3,249.1,237.5,88,58
6,2017,North,NORTH COAST,6,3096.2,2442.1,1668.6,2617,107,85
6,2017,North,SAN FRANCISCO BAY,17,714.5,495.5,503,477.6,96,67
6,2017,Central,CENTRAL COAST,6,993.8,645.2,185.2,604,94,61
6,2017,South,SOUTH COAST,29,2122.6,1452.2,1139.3,1364.8,94,64
6,2017,North,SACRAMENTO,43,16150.8,12833.2,13026.6,13930,109,86
6,2017,Central,SAN JOAQUIN,34,11478.8,8133.8,6330.8,10570.2,130,92
6,2017,South,TULARE LAKE,6,2087.5,1340.3,1144.9,1842.5,137,88
6,2017,North,NORTH LAHONTAN,5,1073.3,670.7,291.6,1048.2,156,98
6,2017,South,SOUTH LAHONTAN,8,411.6,295.1,271.7,296.2,100,72
7,2017,North,NORTH COAST,6,3096.2,2276.2,1520.9,2432.5,107,79
7,2017,North,SAN FRANCISCO BAY,17,714.5,471.9,483.4,461.8,98,65
7,2017,Central,CENTRAL COAST,6,993.8,606.4,170.6,544.6,90,55
7,2017,South,SOUTH COAST,29,2122.6,1404.9,1130.4,1303,93,61
7,2017,North,SACRAMENTO,43,16150.8,11594.7,11348,12928,111,80
7,2017,Central,SAN JOAQUIN,34,11478.8,7404.8,5645,10425.6,141,91
7,2017,South,TULARE LAKE,6,2087.5,1030.2,699.5,1576.3,153,76
7,2017,North,NORTH LAHONTAN,5,1073.3,638.9,233,1043.3,163,97
7,2017,South,SOUTH LAHONTAN,8,411.6,302.7,266.9,338.7,112,82
8,2017,North,NORTH COAST,6,3096.2,2092.4,1399.4,2272.3,109,73
8,2017,North,SAN FRANCISCO BAY,17,714.5,448.2,468.4,445.4,99,62
8,2017,Central,CENTRAL COAST,6,993.8,563.7,157,484.2,86,49
8,2017,South,SOUTH COAST,29,2122.6,1354.5,1098.1,1259.5,93,59
8,2017,North,SACRAMENTO,43,16150.8,10436.7,9863.9,11616.9,111,72
8,2017,Central,SAN JOAQUIN,34,11478.8,6646.5,5242,9582.1,144,83
8,2017,South,TULARE LAKE,6,2087.5,770.7,492.9,1197.2,155,57
8,2017,North,NORTH LAHONTAN,5,1073.3,564.5,160.7,992.2,176,92
8,2017,South,SOUTH LAHONTAN,8,411.6,287.7,249.7,319.4,111,78
9,2017,North,NORTH COAST,6,3096.2,1931.5,1284.3,2149.5,111,69
9,2017,North,SAN FRANCISCO BAY,17,714.5,425.2,464.6,434.5,102,61
9,2017,Central,CENTRAL COAST,6,993.8,531.6,149.3,429.7,81,43
9,2017,South,SOUTH COAST,29,2122.6,1311.3,1070.6,1200.3,92,57
9,2017,North,SACRAMENTO,43,16150.8,9746.9,8943.9,10573.6,108,65
9,2017,Central,SAN JOAQUIN,34,11478.8,6279.5,5071.1,8916.3,142,78
9,2017,South,TULARE LAKE,6,2087.5,667.7,413.1,986.6,148,47
9,2017,North,NORTH LAHONTAN,5,1073.3,499.3,118.8,923.6,185,86
9,2017,South,SOUTH LAHONTAN,8,411.6,273.1,235.7,298.8,109,73
10,2017,North,NORTH COAST,6,3096.2,1951.9,1670.1,2057,105,66
10,2017,North,SAN FRANCISCO BAY,17,714.5,429.8,477.6,384,89,54
10,2017,Central,CENTRAL COAST,6,993.8,529.2,144.9,355.9,67,36
10,2017,South,SOUTH COAST,29,2122.6,1303.1,1038.1,687.9,53,32
10,2017,North,SACRAMENTO,43,16150.8,9766.4,10568.5,9941.6,102,62
10,2017,Central,SAN JOAQUIN,34,11478.8,6497.8,6393.2,8122.2,125,71
10,2017,South,TULARE LAKE,6,2087.5,694.1,510.7,775.6,112,37
10,2017,North,NORTH LAHONTAN,5,1073.3,475.5,196.6,862.5,181,80
10,2017,South,SOUTH LAHONTAN,8,411.6,264,250.4,264.4,100,64
11,2017,North,NORTH COAST,6,3096.2,1855.3,1440.2,2094.5,113,68
11,2017,North,SAN FRANCISCO BAY,17,714.5,404.8,459.6,393,97,55
11,2017,Central,CENTRAL COAST,6,993.8,509.1,139.2,393.3,77,40
11,2017,South,SOUTH COAST,29,2122.6,1271.6,1025.6,1169,92,55
11,2017,North,SACRAMENTO,43,16150.8,9388.1,9155.3,10217.8,109,63
11,2017,Central,SAN JOAQUIN,34,11478.8,6256.1,5491.2,8132.4,130,71
11,2017,South,TULARE LAKE,6,2087.5,652.3,438,787.9,121,38
11,2017,North,NORTH LAHONTAN,5,1073.3,463.4,124.4,903.2,195,84
11,2017,South,SOUTH LAHONTAN,8,411.6,268.1,240.2,266.5,99,65
12,2017,North,NORTH COAST,6,3096.2,1951.9,1670.1,2057,105,66
12,2017,North,SAN FRANCISCO BAY,17,714.5,429.8,477.6,384,89,54
12,2017,Central,CENTRAL COAST,6,993.8,529.2,144.9,386.1,73,39
12,2017,South,SOUTH COAST,29,2122.6,1303.1,1038.1,1185,91,56
12,2017,North,SACRAMENTO,43,16150.8,9766.4,10568.3,9941.6,102,62
12,2017,Central,SAN JOAQUIN,34,11478.8,6497.8,6394.8,8122.2,125,71
12,2017,South,TULARE LAKE,6,2087.5,694.1,510.7,775.6,112,37
12,2017,North,NORTH LAHONTAN,5,1073.3,475.5,196.7,862.5,181,80
12,2017,South,SOUTH LAHONTAN,8,411.6,264,250.4,264.6,100,64
1,2018,North,NORTH COAST,6,3096.2,2063.5,1906.9,2113,102,68
1,2018,North,SAN FRANCISCO BAY,17,714.5,466.3,577.2,397.1,85,56
1,2018,Central,CENTRAL COAST,6,993.8,588.4,460.5,385.8,66,39
1,2018,South,SOUTH COAST,29,2122.6,1364.9,1217.7,1197.8,88,56
1,2018,North,SACRAMENTO,43,16150.8,10440.1,12496.8,10493.9,101,65
1,2018,Central,SAN JOAQUIN,34,11478.8,6902,8031,8285.1,120,72
1,2018,South,TULARE LAKE,6,2087.5,768.6,1027.5,808.8,105,39
1,2018,North,NORTH LAHONTAN,5,1073.3,502.5,464.3,887.1,177,83
1,2018,South,SOUTH LAHONTAN,8,411.6,267,267.3,273.4,102,66
2,2018,North,NORTH COAST,6,3096.2,2173.6,2406.7,2117.1,97,68
2,2018,North,SAN FRANCISCO BAY,17,714.5,503.4,603.8,388.4,77,54
2,2018,Central,CENTRAL COAST,6,993.8,641.1,637.5,380.5,59,38
2,2018,South,SOUTH COAST,29,2122.6,1429.8,1373,1196.4,84,56
2,2018,North,SACRAMENTO,43,16150.8,11137.6,13202.6,10599.2,95,66
2,2018,Central,SAN JOAQUIN,34,11478.8,7154.5,9604.8,7981.7,112,70
2,2018,South,TULARE LAKE,6,2087.5,838.4,1353.7,829.5,99,40
2,2018,North,NORTH LAHONTAN,5,1073.3,525.2,700.1,873.9,166,81
2,2018,South,SOUTH LAHONTAN,8,411.6,268.1,275.6,280.6,105,68
3,2018,North,NORTH COAST,6,3096.2,2317.6,2643.7,2233.9,96,72
3,2018,North,SAN FRANCISCO BAY,17,714.5,525.7,552.8,441.2,84,62
3,2018,Central,CENTRAL COAST,6,993.8,685.5,667.7,460.1,67,46
3,2018,South,SOUTH COAST,29,2122.6,1488.5,1422.2,1269.3,85,60
3,2018,North,SACRAMENTO,43,16150.8,12166.1,13525.1,12507.3,103,77
3,2018,Central,SAN JOAQUIN,34,11478.8,7479.9,8959.7,9075.4,121,79
3,2018,South,TULARE LAKE,6,2087.5,921.4,1017.5,1066.9,116,51
3,2018,North,NORTH LAHONTAN,5,1073.3,546.5,753.1,969.2,177,90
3,2018,South,SOUTH LAHONTAN,8,411.6,266.4,245.2,286.8,108,70
4,2018,North,NORTH COAST,6,3096.2,2419.7,2784.3,2354.9,97,76
4,2018,North,SAN FRANCISCO BAY,17,714.5,528.4,525.5,471,89,66
4,2018,Central,CENTRAL COAST,6,993.8,693,685.7,432.5,62,44
4,2018,South,SOUTH COAST,29,2122.6,1502.8,1410.9,1237.5,82,58
4,2018,North,SACRAMENTO,43,16150.8,12939.7,14076.5,13683.1,106,85
4,2018,Central,SAN JOAQUIN,34,11478.8,7694,9086.5,9867.2,128,86
4,2018,South,TULARE LAKE,6,2087.5,1057.4,1031.2,1511.7,143,72
4,2018,North,NORTH LAHONTAN,5,1073.3,581.8,802.1,1001.9,172,93
4,2018,South,SOUTH LAHONTAN,8,411.6,261,221.7,298.9,115,73
5,2018,North,NORTH COAST,6,3096.2,2493.5,2755.3,2295.2,92,74
5,2018,North,SAN FRANCISCO BAY,17,714.5,514.8,495.6,479.1,93,67
5,2018,Central,CENTRAL COAST,6,993.8,675.8,652.2,391.9,58,39
5,2018,South,SOUTH COAST,29,2122.6,1493.8,1404.4,1244.8,83,59
5,2018,North,SACRAMENTO,43,16150.8,13331.6,14245,13462.7,101,83
5,2018,Central,SAN JOAQUIN,34,11478.8,8166.9,10255.7,9794.9,120,85
5,2018,South,TULARE LAKE,6,2087.5,1348.7,1493.5,1609.6,119,77
5,2018,North,NORTH LAHONTAN,5,1073.3,645.2,926.9,1053.8,163,98
5,2018,South,SOUTH LAHONTAN,8,411.6,269.3,237.5,311.7,116,76
6,2018,North,NORTH COAST,6,3096.2,2442.1,2617,2153.9,88,70
6,2018,North,SAN FRANCISCO BAY,17,714.5,495.5,477.6,469,95,66
6,2018,Central,CENTRAL COAST,6,993.8,645.2,604,347.2,54,35
6,2018,South,SOUTH COAST,29,2122.6,1452.2,1364.8,1224.8,84,58
6,2018,North,SACRAMENTO,43,16150.8,12833.2,13930,12596.7,98,78
6,2018,Central,SAN JOAQUIN,34,11478.8,8133.8,10570.2,9279.9,114,81
6,2018,South,TULARE LAKE,6,2087.5,1340.3,1842.5,1296.3,97,62
6,2018,North,NORTH LAHONTAN,5,1073.3,670.7,1048.2,1035.9,154,97
6,2018,South,SOUTH LAHONTAN,8,411.6,295.1,296.2,329.7,112,80
7,2018,North,NORTH COAST,6,3096.2,2276.2,2432.5,2003.2,88,65
7,2018,North,SAN FRANCISCO BAY,17,714.5,471.9,461.8,456,97,64
7,2018,Central,CENTRAL COAST,6,993.8,606.4,544.6,292.8,48,29
7,2018,South,SOUTH COAST,29,2122.6,1404.9,1303,1231.2,88,58
7,2018,North,SACRAMENTO,43,16150.8,11594.7,12928,11103.7,96,69
7,2018,Central,SAN JOAQUIN,34,11478.8,7404.8,10425.6,8365,113,73
7,2018,South,TULARE LAKE,6,2087.5,1030.2,1576.3,823.1,80,39
7,2018,North,NORTH LAHONTAN,5,1073.3,638.9,1043.3,976,153,91
7,2018,South,SOUTH LAHONTAN,8,411.6,302.7,338.7,327.2,108,80
8,2018,North,NORTH COAST,6,3096.2,2092.4,2272.3,1902.7,91,61
8,2018,North,SAN FRANCISCO BAY,17,714.5,448.2,445.4,439.1,98,61
8,2018,Central,CENTRAL COAST,6,993.8,563.7,484.2,233.2,41,23
8,2018,South,SOUTH COAST,29,2122.6,1354.5,1259.5,1170.5,86,55
8,2018,North,SACRAMENTO,43,16150.8,10436.7,11616.9,9713.3,93,60
8,2018,Central,SAN JOAQUIN,34,11478.8,6646.5,9582.1,7856.8,118,68
8,2018,South,TULARE LAKE,6,2087.5,770.7,1197.2,568.6,74,27
8,2018,North,NORTH LAHONTAN,5,1073.3,564.5,992.2,872.5,155,81
8,2018,South,SOUTH LAHONTAN,8,411.6,287.7,319.4,302.3,105,73
9,2018,North,NORTH COAST,6,3096.2,1931.5,2149.5,1812.5,94,59
9,2018,North,SAN FRANCISCO BAY,17,714.5,425.2,434.5,415,98,58
9,2018,Central,CENTRAL COAST,6,993.8,531.6,429.7,205.7,39,21
9,2018,South,SOUTH COAST,29,2122.6,1311.3,1200.3,1152.3,88,54
9,2018,North,SACRAMENTO,43,16150.8,9746.9,10573.6,8789.1,90,54
9,2018,Central,SAN JOAQUIN,34,11478.8,6279.5,8916.3,7598.7,121,66
9,2018,South,TULARE LAKE,6,2087.5,667.7,986.6,462.6,69,22
9,2018,North,NORTH LAHONTAN,5,1073.3,499.3,923.6,783,157,73
9,2018,South,SOUTH LAHONTAN,8,411.6,273.1,298.8,275.7,101,67
10,2018,North,NORTH COAST,6,3096.2,1861.5,2089.3,1763.4,95,57
10,2018,North,SAN FRANCISCO BAY,17,714.5,407.7,428.2,396.5,97,55
10,2018,Central,CENTRAL COAST,6,982.1,517.8,401.3,197.4,38,20
10,2018,South,SOUTH COAST,29,2122.6,1277.8,1168.3,1144,90,54
10,2018,North,SACRAMENTO,43,16150.8,9423.8,9864.5,8147.8,86,50
10,2018,Central,SAN JOAQUIN,34,11478.8,6162.8,8150,7320.9,119,64
10,2018,South,TULARE LAKE,6,2087.5,643.2,798.8,458.5,71,22
10,2018,North,NORTH LAHONTAN,5,1073.3,471.3,874.1,714,151,67
10,2018,South,SOUTH LAHONTAN,8,411.6,269.7,280,264.3,98,64
11,2018,North,NORTH COAST,6,3096.2,1855.3,2094.5,1745,94,56
11,2018,North,SAN FRANCISCO BAY,17,714.5,404.8,393,382.4,94,54
11,2018,Central,CENTRAL COAST,6,982.1,509.1,393.3,192.9,38,20
11,2018,South,SOUTH COAST,29,2122.6,1271.6,1169,1159.8,91,55
11,2018,North,SACRAMENTO,43,16150.8,9388.1,10217.8,7887.5,84,49
11,2018,Central,SAN JOAQUIN,34,11478.8,6256.1,8132.1,7195.4,115,63
11,2018,South,TULARE LAKE,6,2087.5,652.3,787.9,472.3,72,23
11,2018,North,NORTH LAHONTAN,5,1073.3,463.4,903.2,725.8,157,68
11,2018,South,SOUTH LAHONTAN,8,411.6,268.1,266.5,260.5,97,63
12,2018,North,NORTH COAST,6,3096.2,1951.9,2057,1770.1,91,57
12,2018,North,SAN FRANCISCO BAY,17,714.5,429.8,384,384.5,89,54
12,2018,Central,CENTRAL COAST,6,982.1,529.2,386.1,192.6,36,20
12,2018,South,SOUTH COAST,29,2122.6,1303.1,1185,1170.6,90,55
12,2018,North,SACRAMENTO,43,16150.8,9766.4,9941.6,7921.1,81,49
12,2018,Central,SAN JOAQUIN,34,11478.8,6497.8,8122.3,7511.7,116,65
12,2018,South,TULARE LAKE,6,2087.5,694.1,776.4,505,73,24
12,2018,North,NORTH LAHONTAN,5,1073.3,475.5,862.5,677.5,143,63
12,2018,South,SOUTH LAHONTAN,8,411.6,264,264.6,257.3,97,63
1,2019,North,NORTH COAST,6,3096.2,2063.5,2113,1992,97,64
1,2019,North,SAN FRANCISCO BAY,17,714.5,466.3,397.1,436.3,94,61
1,2019,Central,CENTRAL COAST,6,982.1,588.4,385.8,305.1,52,31
1,2019,South,SOUTH COAST,29,2122.6,1364.9,1197.8,1209,89,57
1,2019,North,SACRAMENTO,43,16150.8,10440.1,10493.9,9692.1,93,60
1,2019,Central,SAN JOAQUIN,34,11478.8,6902,8284.2,8059.2,117,70
1,2019,South,TULARE LAKE,6,2087.5,768.6,808.8,588.4,77,28
1,2019,North,NORTH LAHONTAN,5,1073.3,502.5,887.1,726.3,145,68
1,2019,South,SOUTH LAHONTAN,8,411.6,267,273.4,275.7,103,67
2,2019,North,NORTH COAST,6,3096.2,2173.6,2117.1,2237.1,103,72
2,2019,North,SAN FRANCISCO BAY,17,714.5,503.4,388.4,518.7,103,73
2,2019,Central,CENTRAL COAST,6,982.1,641.1,380.5,554,86,56
2,2019,South,SOUTH COAST,29,2122.6,1429.8,1196.4,1380.8,97,65
2,2019,North,SACRAMENTO,43,16150.8,11137.6,10599.2,12563.3,113,78
2,2019,Central,SAN JOAQUIN,34,11478.8,7154.5,7981.7,8838.3,124,77
2,2019,South,TULARE LAKE,6,2087.5,838.4,829.5,814.9,97,39
2,2019,North,NORTH LAHONTAN,5,1073.3,525.2,873.9,864.7,165,81
2,2019,South,SOUTH LAHONTAN,8,411.6,268.1,280.7,273.4,102,66
3,2019,North,NORTH COAST,6,3096.2,2317.6,2233.9,2376.1,103,77
3,2019,North,SAN FRANCISCO BAY,17,714.5,525.7,441.2,538.6,102,75
3,2019,Central,CENTRAL COAST,6,982.1,685.5,460.1,673.3,98,69
3,2019,South,SOUTH COAST,29,2122.6,1488.5,1269.3,1457.8,98,69
3,2019,North,SACRAMENTO,43,16150.8,12166.1,12518.2,13397.9,110,83
3,2019,Central,SAN JOAQUIN,34,11478.8,7479.9,9075.3,8881.2,119,77
3,2019,South,TULARE LAKE,6,2087.5,921.4,1066.9,919.1,100,44
3,2019,North,NORTH LAHONTAN,5,1073.3,546.5,969.2,843.5,154,79
3,2019,South,SOUTH LAHONTAN,8,411.6,266.4,286.7,271.9,102,66
4,2019,North,NORTH COAST,6,3096.2,2419.7,2354.9,2699.8,112,87
4,2019,North,SAN FRANCISCO BAY,17,714.5,528.4,471,545.3,103,76
4,2019,Central,CENTRAL COAST,6,982.1,693,432.5,676.3,98,69
4,2019,South,SOUTH COAST,29,2122.6,1502.8,1237.5,1490,99,70
4,2019,North,SACRAMENTO,43,16150.8,12939.7,13683.5,14672.1,113,91
4,2019,Central,SAN JOAQUIN,34,11478.8,7694,9868.3,9035.9,117,79
4,2019,South,TULARE LAKE,6,2087.5,1057.4,1511.7,1226.4,116,59
4,2019,North,NORTH LAHONTAN,5,1073.3,581.8,1001.9,879.3,151,82
4,2019,South,SOUTH LAHONTAN,8,411.6,261,298.1,252.9,97,61
5,2019,North,NORTH COAST,6,3096.2,2493.5,2295.2,2858.6,115,92
5,2019,North,SAN FRANCISCO BAY,17,714.5,514.8,479.1,546.4,106,76
5,2019,Central,CENTRAL COAST,6,982.1,675.8,391.9,657.3,97,67
5,2019,South,SOUTH COAST,29,2122.6,1493.8,1243.4,1504.7,101,71
5,2019,North,SACRAMENTO,43,16150.8,13331.6,13460.9,15414.2,116,95
5,2019,Central,SAN JOAQUIN,34,11478.8,8166.9,9794.9,9327,114,81
5,2019,South,TULARE LAKE,6,2087.5,1348.7,1609.6,1444.3,107,69
5,2019,North,NORTH LAHONTAN,5,1073.3,645.2,1053.8,937,145,87
5,2019,South,SOUTH LAHONTAN,8,411.6,269.3,311.4,266.9,99,65
6,2019,North,NORTH COAST,6,3096.2,2442.1,2153.9,2762.7,113,89
6,2019,North,SAN FRANCISCO BAY,17,714.5,495.5,469,534.7,108,75
6,2019,Central,CENTRAL COAST,6,982.1,645.2,347.2,626.4,97,64
6,2019,South,SOUTH COAST,29,2122.6,1452.2,1224.8,1483.6,102,70
6,2019,North,SACRAMENTO,43,16150.8,12833.2,12585.5,15205,118,94
6,2019,Central,SAN JOAQUIN,34,11478.8,8133.8,9279.9,10302.2,127,90
6,2019,South,TULARE LAKE,6,2087.5,1340.3,1296.3,1800.1,134,86
6,2019,North,NORTH LAHONTAN,5,1073.3,670.7,1035.9,1037.9,155,97
6,2019,South,SOUTH LAHONTAN,8,411.6,295.1,329.7,319.2,108,78
7,2019,North,NORTH COAST,6,3096.2,2276.2,2003.2,2633.5,116,85
7,2019,North,SAN FRANCISCO BAY,17,714.5,471.9,456,530.2,112,74
7,2019,Central,CENTRAL COAST,6,982.1,606.4,292.8,567.6,94,58
7,2019,South,SOUTH COAST,29,2122.6,1404.9,1204.8,1415.7,101,67
7,2019,North,SACRAMENTO,43,16150.8,11594.7,11105.3,14041.9,121,87
7,2019,Central,SAN JOAQUIN,34,11478.8,7404.8,8364.6,10021.9,135,87
7,2019,South,TULARE LAKE,6,2087.5,1030.2,823.1,1579.2,153,76
7,2019,North,NORTH LAHONTAN,5,1073.3,638.9,976,1034.5,162,96
7,2019,South,SOUTH LAHONTAN,8,411.6,302.7,327.2,342.7,113,83
8,2019,North,NORTH COAST,6,3096.2,2092.4,1902.7,2509.1,120,81
8,2019,North,SAN FRANCISCO BAY,17,714.5,448.2,439.1,508.8,114,71
8,2019,Central,CENTRAL COAST,6,982.1,563.7,233.2,531.1,94,54
8,2019,South,SOUTH COAST,29,2122.6,1354.5,1170.5,1360,100,64
8,2019,North,SACRAMENTO,43,16150.8,10436.7,9708.6,12620.3,121,78
8,2019,Central,SAN JOAQUIN,34,11478.8,6646.5,7857.6,9100.6,137,79
8,2019,South,TULARE LAKE,6,2087.5,770.7,568.6,1165.5,151,56
8,2019,North,NORTH LAHONTAN,5,1073.3,564.5,872.5,949,168,88
8,2019,South,SOUTH LAHONTAN,8,411.6,287.7,302.3,325.1,113,79
9,2019,North,NORTH COAST,6,3096.2,1931.5,1812.5,2412.9,125,78
9,2019,North,SAN FRANCISCO BAY,17,714.5,425.2,415,479.1,113,67
9,2019,Central,CENTRAL COAST,6,982.1,531.6,205.7,496.9,93,51
9,2019,South,SOUTH COAST,29,2122.6,1311.3,1152.3,1333.1,102,63
9,2019,North,SACRAMENTO,43,16150.8,9746.9,8795.5,11575.9,119,72
9,2019,Central,SAN JOAQUIN,34,11478.8,6279.5,7598.3,8508.4,135,74
9,2019,South,TULARE LAKE,6,2087.5,667.7,462.6,954.7,143,46
9,2019,North,NORTH LAHONTAN,5,1073.3,499.3,783,855,171,80
9,2019,South,SOUTH LAHONTAN,8,411.6,273.1,275.7,302.6,111,74
10,2019,North,NORTH COAST,6,3096.2,1861.5,1763.4,2317.6,125,75
10,2019,North,SAN FRANCISCO BAY,17,714.5,407.7,396.5,449.4,110,63
10,2019,Central,CENTRAL COAST,6,982.1,517.8,197.4,482.2,93,49
10,2019,South,SOUTH COAST,29,2122.6,1277.8,1144,1288.5,101,61
10,2019,North,SACRAMENTO,43,16150.8,9423.8,8147.8,10859.7,115,67
10,2019,Central,SAN JOAQUIN,34,11477.8,6162.8,7320.9,7678,125,67
10,2019,South,TULARE LAKE,6,2087.5,643.2,458.5,770.2,120,37
10,2019,North,NORTH LAHONTAN,5,1073.3,471.3,714,779,165,73
10,2019,South,SOUTH LAHONTAN,8,411.6,269.7,264.3,277.5,103,67
11,2019,North,NORTH COAST,6,3096.2,1855.3,1745,2258.7,122,73
11,2019,North,SAN FRANCISCO BAY,17,714.5,404.8,382.4,446.1,110,62
11,2019,Central,CENTRAL COAST,6,982.1,509.1,192.9,476.4,94,49
11,2019,South,SOUTH COAST,29,2122.6,1271.6,1159.8,1261.5,99,59
11,2019,North,SACRAMENTO,43,16150.8,9388.1,7887.5,10434.7,111,65
11,2019,Central,SAN JOAQUIN,34,11477.8,6256.1,7195.4,7435,119,65
11,2019,South,TULARE LAKE,6,2087.5,652.3,472.3,726.2,111,35
11,2019,North,NORTH LAHONTAN,5,1073.3,463.4,725.8,758.4,164,71
11,2019,South,SOUTH LAHONTAN,8,411.6,268.1,260.5,274.4,102,67
12,2019,North,NORTH COAST,6,3096.2,1951.9,1770.1,2313.8,119,75
12,2019,North,SAN FRANCISCO BAY,17,714.5,429.8,384.5,468.5,109,66
12,2019,Central,CENTRAL COAST,6,982.1,529.2,192.6,511.5,97,52
12,2019,South,SOUTH COAST,29,2122.6,1303.1,1170.6,1294.7,99,61
12,2019,North,SACRAMENTO,43,16150.8,9766.4,7921.1,10792.7,111,67
12,2019,Central,SAN JOAQUIN,34,11477.8,6497.8,7511.7,7841,121,68
12,2019,South,TULARE LAKE,6,2087.5,694.1,505,770.3,111,37
12,2019,North,NORTH LAHONTAN,5,1073.3,475.5,677.5,802.3,169,75
12,2019,South,SOUTH LAHONTAN,8,411.6,264,257.3,276.5,105,67
1,2020,North,NORTH COAST,6,3096.2,2063.5,1992,2385.3,116,77
1,2020,North,SAN FRANCISCO BAY,17,714.5,466.3,436.3,464.9,100,65
1,2020,Central,CENTRAL COAST,6,982.1,588.4,305.1,518.1,88,53
1,2020,South,SOUTH COAST,29,2122.6,1364.9,1209,1290.7,95,61
1,2020,North,SACRAMENTO,43,16150.8,10440.1,9692.1,11095.5,106,69
1,2020,Central,SAN JOAQUIN,34,11477.8,6902,8059.2,8038.2,116,70
1,2020,South,TULARE LAKE,6,2087.5,768.6,588.4,773.6,101,37
1,2020,North,NORTH LAHONTAN,5,1073.3,502.5,726.3,797,159,74
1,2020,South,SOUTH LAHONTAN,8,411.6,267,275.7,286.3,107,70
2,2020,North,NORTH COAST,6,3096.2,2173.6,2237.1,2406.5,111,78
2,2020,North,SAN FRANCISCO BAY,17,714.5,503.4,518.7,458.1,91,64
2,2020,Central,CENTRAL COAST,6,982.1,641.1,554,515.8,80,53
2,2020,South,SOUTH COAST,29,2122.6,1429.8,1380.8,1292.8,90,61
2,2020,North,SACRAMENTO,43,16150.8,11137.6,12563.3,11215.8,101,69
2,2020,Central,SAN JOAQUIN,34,11477.8,7154.5,8838.3,7831.1,109,68
2,2020,South,TULARE LAKE,6,2087.5,838.4,814.9,805.4,96,39
2,2020,North,NORTH LAHONTAN,5,1073.3,525.2,864.7,783,149,73
2,2020,South,SOUTH LAHONTAN,8,411.6,268.1,273.4,285.6,107,69
3,2020,North,NORTH COAST,6,3096.2,2317.6,2376.1,2344.8,101,76
3,2020,North,SAN FRANCISCO BAY,17,714.5,525.7,538.6,469.3,89,66
3,2020,Central,CENTRAL COAST,6,982.1,685.5,673.3,519.1,76,53
3,2020,South,SOUTH COAST,29,2122.6,1488.5,1457.8,1355.3,91,64
3,2020,North,SACRAMENTO,43,16150.8,12166.1,13397.9,11457.1,94,71
3,2020,Central,SAN JOAQUIN,34,11477.8,7479.9,8881.2,7969.9,107,69
3,2020,South,TULARE LAKE,6,2087.5,921.4,919.1,864.7,94,41
3,2020,North,NORTH LAHONTAN,5,1073.3,546.5,843.5,795.3,146,74
3,2020,South,SOUTH LAHONTAN,8,411.6,266.4,271.9,291.1,109,71
4,2020,North,NORTH COAST,6,3096.2,2419.7,2699.8,2282.9,94,74
4,2020,North,SAN FRANCISCO BAY,17,714.5,528.4,545.3,485.7,92,68
4,2020,Central,CENTRAL COAST,6,982.1,693,676.3,543.2,78,55
4,2020,South,SOUTH COAST,29,2122.6,1502.8,1490,1459.3,97,69
4,2020,North,SACRAMENTO,43,16150.8,12939.7,14672.1,12359.1,96,77
4,2020,Central,SAN JOAQUIN,34,11477.8,7694,9035.9,8577.3,111,75
4,2020,South,TULARE LAKE,6,2087.5,1057.4,1226.4,1125.9,106,54
4,2020,North,NORTH LAHONTAN,5,1073.3,581.8,879.3,821.5,141,77
4,2020,South,SOUTH LAHONTAN,8,411.6,261,252.9,295.3,113,72
5,2020,North,NORTH COAST,6,3096.2,2493.5,2858.6,2217,89,72
5,2020,North,SAN FRANCISCO BAY,17,714.5,514.8,546.4,481.3,93,67
5,2020,Central,CENTRAL COAST,6,982.1,675.8,657.3,512.4,76,52
5,2020,South,SOUTH COAST,29,2122.6,1493.8,1504.7,1459.7,98,69
5,2020,North,SACRAMENTO,43,16150.8,13331.6,15414.2,12476.4,94,77
5,2020,Central,SAN JOAQUIN,34,11477.8,8166.9,9327,8911.4,109,78
5,2020,South,TULARE LAKE,6,2087.5,1348.7,1444.3,1405.9,104,67
5,2020,North,NORTH LAHONTAN,5,1073.3,645.2,937,839.3,130,78
5,2020,South,SOUTH LAHONTAN,8,411.6,269.3,266.9,310.5,115,75
6,2020,North,NORTH COAST,6,3096.2,2442.1,2762.7,2087.5,85,67
6,2020,North,SAN FRANCISCO BAY,17,714.5,495.5,534.7,472.4,95,66
6,2020,Central,CENTRAL COAST,6,982.1,645.2,626.4,470,73,48
6,2020,South,SOUTH COAST,29,2122.6,1452.2,1483.6,1459.3,100,69
6,2020,North,SACRAMENTO,43,16150.8,12833.2,15205,11541.3,90,71
6,2020,Central,SAN JOAQUIN,34,11477.8,8133.8,10302.2,8348.7,103,73
6,2020,South,TULARE LAKE,6,2087.5,1340.3,1800.1,1134.1,85,54
6,2020,North,NORTH LAHONTAN,5,1073.3,670.7,1037.9,794.1,118,74
6,2020,South,SOUTH LAHONTAN,8,411.6,295.1,319.2,309,105,75
7,2020,North,NORTH COAST,6,3096.2,2276.2,2633.5,1941.7,85,63
7,2020,North,SAN FRANCISCO BAY,17,714.5,471.9,530.2,454.6,96,64
7,2020,Central,CENTRAL COAST,6,982.1,606.4,567.6,424,70,43
7,2020,South,SOUTH COAST,29,2122.6,1404.9,1415.7,1433.3,102,68
7,2020,North,SACRAMENTO,43,16150.8,11594.7,14041.9,10196.8,88,63
7,2020,Central,SAN JOAQUIN,34,11477.8,7404.8,10021.9,7561.8,102,66
7,2020,South,TULARE LAKE,6,2087.5,1030.2,1579.2,669.1,65,32
7,2020,North,NORTH LAHONTAN,5,1073.3,638.9,1034.5,732.2,115,68
7,2020,South,SOUTH LAHONTAN,8,411.6,302.7,342.7,295.8,98,72
8,2020,North,NORTH COAST,6,3096.2,2092.4,2509.1,1786.3,85,58
8,2020,North,SAN FRANCISCO BAY,17,714.5,448.2,508.8,436.8,97,61
8,2020,Central,CENTRAL COAST,6,982.1,563.7,531.1,375.4,67,38
8,2020,South,SOUTH COAST,29,2122.6,1354.5,1360,1411.5,104,67
8,2020,North,SACRAMENTO,43,16150.8,10436.7,12620.3,9149.9,88,57
8,2020,Central,SAN JOAQUIN,34,11477.8,6646.5,9100.6,7027,106,61
8,2020,South,TULARE LAKE,6,2087.5,770.7,1165.5,469.8,61,23
8,2020,North,NORTH LAHONTAN,5,1073.3,564.5,949,655,116,61
8,2020,South,SOUTH LAHONTAN,8,411.6,287.7,325.1,296.3,103,72
9,2020,North,NORTH COAST,6,3096.2,1931.5,2412.9,1624.3,84,52
9,2020,North,SAN FRANCISCO BAY,17,714.5,425.2,479.1,420.3,99,59
9,2020,Central,CENTRAL COAST,6,982.1,531.6,496.9,340.5,64,35
9,2020,South,SOUTH COAST,29,2122.6,1311.3,1333.1,1307.8,100,62
9,2020,North,SACRAMENTO,43,16150.8,9746.9,11575.9,8569.5,88,53
9,2020,Central,SAN JOAQUIN,34,11477.8,6279.5,8508.4,6678.8,106,58
9,2020,South,TULARE LAKE,6,2087.5,667.7,954.7,432.4,65,21
9,2020,North,NORTH LAHONTAN,5,1073.3,499.3,855,566.7,113,53
9,2020,South,SOUTH LAHONTAN,8,411.6,273.1,302.6,247.7,91,60
10,2020,North,NORTH COAST,6,3096.2,1861.5,2317.2,1552.5,83,50
10,2020,North,SAN FRANCISCO BAY,17,714.5,407.7,449.4,402.5,99,56
10,2020,Central,CENTRAL COAST,6,982.1,517.8,482.2,327.7,63,33
10,2020,South,SOUTH COAST,29,2122.6,1277.8,1288.5,1217.9,95,57
10,2020,North,SACRAMENTO,43,16150.8,9423.8,10867.8,7985.1,85,49
10,2020,Central,SAN JOAQUIN,34,11477.8,6162.8,7678.8,6318.5,103,55
10,2020,South,TULARE LAKE,6,2087.5,643.2,768.3,414.6,64,20
10,2020,North,NORTH LAHONTAN,5,1073.3,471.3,779.3,493.3,105,46
10,2020,South,SOUTH LAHONTAN,8,411.6,269.7,277.5,235.8,87,57
11,2020,North,NORTH COAST,6,3096.2,1855.3,2258.8,1509.3,81,49
11,2020,North,SAN FRANCISCO BAY,17,714.5,404.8,446.1,390.5,96,55
11,2020,Central,CENTRAL COAST,6,982.1,509.1,476.4,317.3,62,32
11,2020,South,SOUTH COAST,29,2122.6,1271.6,1261.5,1183.4,93,56
11,2020,North,SACRAMENTO,43,16150.8,9388.1,10436.2,7583.7,81,47
11,2020,Central,SAN JOAQUIN,34,11477.8,6256.1,7435.9,6214.7,99,54
11,2020,South,TULARE LAKE,6,2087.5,652.3,725.4,417.1,64,20
11,2020,North,NORTH LAHONTAN,5,1073.3,463.4,758.6,463.5,100,43
11,2020,South,SOUTH LAHONTAN,8,411.6,268.1,274.5,230.1,86,56
12,2020,North,NORTH COAST,6,3096.2,1951.9,2313.9,1470.4,75,47
12,2020,North,SAN FRANCISCO BAY,17,714.5,429.8,468.5,391.6,91,55
12,2020,Central,CENTRAL COAST,6,982.1,529.2,511.5,309.3,58,31
12,2020,South,SOUTH COAST,29,2122.6,1303.1,1294.7,1181.4,91,56
12,2020,North,SACRAMENTO,43,16150.8,9766.4,10794.5,7439.7,76,46
12,2020,Central,SAN JOAQUIN,34,11477.8,6497.8,7844.4,6148.8,95,54
12,2020,South,TULARE LAKE,6,2087.5,694.1,769.2,420.1,61,20
12,2020,North,NORTH LAHONTAN,5,1073.3,475.5,802,448.7,94,42
12,2020,South,SOUTH LAHONTAN,8,411.6,264,276.6,242.3,92,59
1,2021,North,NORTH COAST,6,3096.2,2063.5,2385.6,1475.4,72,48
1,2021,North,SAN FRANCISCO BAY,17,714.5,466.3,464.9,396.7,85,56
1,2021,Central,CENTRAL COAST,6,982.1,588.4,518.1,391.5,67,40
1,2021,South,SOUTH COAST,29,2122.6,1364.9,1290.7,1201.8,88,57
1,2021,North,SACRAMENTO,43,16150.8,10440.1,11097.6,7589.9,73,47
1,2021,Central,SAN JOAQUIN,34,11477.8,6902,8039.8,6258.6,91,55
1,2021,South,TULARE LAKE,6,2087.5,768.6,773.7,428.7,56,21
1,2021,North,NORTH LAHONTAN,5,1073.3,502.5,797.1,452,90,42
1,2021,South,SOUTH LAHONTAN,8,411.6,267,286.3,245.5,92,60
2,2021,North,NORTH COAST,6,3096.2,2173.6,2406.5,1520.6,70,49
2,2021,North,SAN FRANCISCO BAY,17,714.5,503.4,458.1,386.3,77,54
2,2021,Central,CENTRAL COAST,6,982.1,641.1,515.8,392.5,61,40
2,2021,South,SOUTH COAST,29,2122.6,1429.8,1292.8,1181.4,83,56
2,2021,North,SACRAMENTO,43,16150.8,11137.6,11215.8,7974.8,72,49
2,2021,Central,SAN JOAQUIN,34,11477.8,7154.5,7831.1,6415.6,90,56
2,2021,South,TULARE LAKE,6,2087.5,838.4,805.4,454,54,22
2,2021,North,NORTH LAHONTAN,5,1073.3,525.2,783,445.3,85,41
2,2021,South,SOUTH LAHONTAN,8,411.6,268.1,285.6,254.3,95,62
3,2021,North,NORTH COAST,6,3096.2,2317.6,2344.8,1549.5,67,50
3,2021,North,SAN FRANCISCO BAY,17,714.5,525.7,469.3,393.8,75,55
3,2021,Central,CENTRAL COAST,6,982.1,685.5,519.1,388.2,57,40
3,2021,South,SOUTH COAST,29,2122.6,1488.5,1355.3,1241.8,83,59
3,2021,North,SACRAMENTO,43,16150.8,12166.1,11457.1,8332.7,68,52
3,2021,Central,SAN JOAQUIN,34,11477.8,7479.9,7969.9,6377.9,85,56
3,2021,South,TULARE LAKE,6,2087.5,921.4,864.7,490.4,53,23
3,2021,North,NORTH LAHONTAN,5,1073.3,546.5,795.3,418.9,77,39
3,2021,South,SOUTH LAHONTAN,8,411.6,266.4,291.1,264.7,99,64
4,2021,North,NORTH COAST,6,3096.2,2419.7,2282.9,1553.4,64,50
4,2021,North,SAN FRANCISCO BAY,17,714.5,528.4,485.7,401.7,76,56
4,2021,Central,CENTRAL COAST,6,982.1,693,543.2,353.3,51,36
4,2021,South,SOUTH COAST,29,2122.6,1502.8,1459.3,1238.4,82,58
4,2021,North,SACRAMENTO,43,16150.8,12939.7,12359.1,8441.8,65,52
4,2021,Central,SAN JOAQUIN,34,11477.8,7694,8577.3,6475,84,56
4,2021,South,TULARE LAKE,6,2087.5,1057.4,1125.9,591.1,56,28
4,2021,North,NORTH LAHONTAN,5,1073.3,581.8,821.5,407,70,38
4,2021,South,SOUTH LAHONTAN,8,411.6,261,295.3,262.8,101,64
5,2021,North,NORTH COAST,6,3096.2,2493.5,2217,1489.2,60,48
5,2021,North,SAN FRANCISCO BAY,17,714.5,514.8,481.3,395,77,55
5,2021,Central,CENTRAL COAST,6,982.1,675.8,512.4,314.8,47,32
5,2021,South,SOUTH COAST,29,2122.6,1493.8,1459.7,1206.4,81,57
5,2021,North,SACRAMENTO,43,16150.8,13331.6,12476.4,7961.1,60,49
5,2021,Central,SAN JOAQUIN,34,11477.8,8166.9,8911.4,6537,80,57
5,2021,South,TULARE LAKE,6,2087.5,1348.7,1405.9,709.4,53,34
5,2021,North,NORTH LAHONTAN,5,1073.3,645.2,839.3,392.5,61,37
5,2021,South,SOUTH LAHONTAN,8,411.6,269.3,310.5,262,97,64
6,2021,North,NORTH COAST,6,3096.2,2442.1,2087.5,1373.2,56,44
6,2021,North,SAN FRANCISCO BAY,17,714.5,495.5,472.4,384.5,78,54
6,2021,Central,CENTRAL COAST,6,982.1,645.2,470,272.1,42,28
6,2021,South,SOUTH COAST,29,2122.6,1452.2,1459.3,1134.1,78,53
6,2021,North,SACRAMENTO,43,16150.8,12833.2,11541.3,7213.5,56,45
6,2021,Central,SAN JOAQUIN,34,11477.8,8133.8,8348.7,5952,73,52
6,2021,South,TULARE LAKE,6,2087.5,1340.3,1134.1,558.1,42,27
6,2021,North,NORTH LAHONTAN,5,1073.3,670.7,794.1,351.2,52,33
6,2021,South,SOUTH LAHONTAN,8,411.6,295.1,309,248.5,84,60
7,2021,North,NORTH COAST,6,3096.2,2276.2,1941.7,1197.6,53,39
7,2021,North,SAN FRANCISCO BAY,17,714.5,471.9,454.6,369.4,78,52
7,2021,Central,CENTRAL COAST,6,982.1,606.4,424,229.7,38,23
7,2021,South,SOUTH COAST,29,2122.6,1404.9,1433.3,1072.9,76,51
7,2021,North,SACRAMENTO,43,16150.8,11594.7,10196.8,6415.4,55,40
7,2021,Central,SAN JOAQUIN,34,11477.8,7404.8,7561.8,5160.3,70,45
7,2021,South,TULARE LAKE,6,2087.5,1030.2,669.1,438.8,43,21
7,2021,North,NORTH LAHONTAN,5,1073.3,638.9,732.2,283.7,44,26
7,2021,South,SOUTH LAHONTAN,8,411.6,302.7,295.8,239.6,79,58
8,2021,North,NORTH COAST,6,3096.2,2092.4,1786.3,1029.9,49,33
8,2021,North,SAN FRANCISCO BAY,17,714.5,448.2,436.8,357.8,80,50
8,2021,Central,CENTRAL COAST,6,982.1,563.7,375.4,215.9,38,22
8,2021,South,SOUTH COAST,29,2122.6,1354.5,1411.5,1008.9,74,48
8,2021,North,SACRAMENTO,43,16150.8,10436.7,9149.9,5800,56,36
8,2021,Central,SAN JOAQUIN,34,11477.8,6646.5,7027,4568,69,40
8,2021,South,TULARE LAKE,6,2087.5,770.7,469.8,388.6,50,19
8,2021,North,NORTH LAHONTAN,5,1073.3,564.5,655,207.1,37,19
8,2021,South,SOUTH LAHONTAN,8,411.6,287.7,296.3,226.7,79,55
9,2021,North,NORTH COAST,6,3096.2,1817.7,1624.3,872.8,48,28
9,2021,North,SAN FRANCISCO BAY,17,710.7,441.6,420.3,355.4,80,50
9,2021,Central,CENTRAL COAST,6,982.1,482.9,340.5,197.6,41,20
9,2021,South,SOUTH COAST,29,2122.6,1310,1314.9,981.9,75,46
9,2021,North,SACRAMENTO,43,16150.8,9403.7,8569.5,5434,58,34
9,2021,Central,SAN JOAQUIN,34,11483.2,6433.4,6678.8,4234,66,37
9,2021,South,TULARE LAKE,6,2087.5,610,432.4,366,60,18
9,2021,North,NORTH LAHONTAN,5,1073.3,467,566.7,144.9,31,14
9,2021,South,SOUTH LAHONTAN,8,411.6,263,247.7,210.5,80,51
10,2021,North,NORTH COAST,6,3096.2,1724.6,1552.5,871.1,51,28
10,2021,North,SAN FRANCISCO BAY,17,710.7,421.5,402.5,383.1,91,54
10,2021,Central,CENTRAL COAST,6,982.1,458.3,327.7,197.8,43,20
10,2021,South,SOUTH COAST,29,2106.6,1260.1,1224.3,975.1,77,46
10,2021,North,SACRAMENTO,43,16150.8,8879.8,7970.5,5800.2,65,36
10,2021,Central,SAN JOAQUIN,34,11483.2,6081.6,6317.5,4331.9,71,38
10,2021,South,TULARE LAKE,6,2087.5,556,414.1,374.1,67,18
10,2021,North,NORTH LAHONTAN,5,1073.3,409.5,493,187.5,46,17
10,2021,South,SOUTH LAHONTAN,8,411.6,253.7,235.8,211.4,83,51
11,2021,North,NORTH COAST,6,3096.2,1705.5,1508.8,922.2,54,30
11,2021,North,SAN FRANCISCO BAY,17,710.7,412.3,390.5,393.4,95,55
11,2021,Central,CENTRAL COAST,6,982.1,443.8,317.3,190.5,43,19
11,2021,South,SOUTH COAST,29,2106.6,1237.3,1188.2,970,78,46
11,2021,North,SACRAMENTO,43,16150.8,8725.9,7582.2,6114.4,70,38
11,2021,Central,SAN JOAQUIN,34,11483.2,6158.4,6212.6,4607.4,75,40
11,2021,South,TULARE LAKE,6,2087.5,566.7,416.6,396.6,70,19
11,2021,North,NORTH LAHONTAN,5,1073.3,397.6,463.2,184.9,47,17
11,2021,South,SOUTH LAHONTAN,8,411.6,256.1,230.2,217.2,85,53
12,2021,North,NORTH COAST,6,3096.2,1816,1470.8,984.5,54,32
12,2021,North,SAN FRANCISCO BAY,17,710.7,437.1,391.6,482.1,110,68
12,2021,Central,CENTRAL COAST,6,982.1,460.9,309.3,277.7,60,28
12,2021,South,SOUTH COAST,29,2106.6,1257.1,1187.8,1063.3,85,50
12,2021,North,SACRAMENTO,43,16150.8,9275.8,7437.1,7238.1,78,45
12,2021,Central,SAN JOAQUIN,34,11483.2,6471.9,6147.3,5058.8,78,44
12,2021,South,TULARE LAKE,6,2087.5,607.2,420.1,453.9,75,22
12,2021,North,NORTH LAHONTAN,5,1073.3,414.9,448.5,273.3,66,25
12,2021,South,SOUTH LAHONTAN,8,411.6,254.2,241.7,229.7,90,56
1,2022,North,NORTH COAST,6,3096.2,1938,1475.8,1035,53,33
1,2022,North,SAN FRANCISCO BAY,17,710.7,470.1,396.7,469,100,66
1,2022,Central,CENTRAL COAST,6,982.1,530.5,391.5,289,54,29
1,2022,South,SOUTH COAST,29,2106.6,1319.4,1208.4,1134.8,86,54
1,2022,North,SACRAMENTO,43,16150.8,10115.7,7586.8,7937,78,49
1,2022,Central,SAN JOAQUIN,34,11483.2,6976.1,6257.5,5434.6,78,47
1,2022,South,TULARE LAKE,6,2087.5,691.1,428.8,489.8,71,23
1,2022,North,NORTH LAHONTAN,5,1073.3,446.6,451.9,265.5,59,25
1,2022,South,SOUTH LAHONTAN,8,411.6,261.4,245.5,229.2,88,56
2,2022,North,NORTH COAST,6,3096.2,2066.9,1520.2,1056.9,51,34
2,2022,North,SAN FRANCISCO BAY,17,710.7,503.2,386.3,453.7,90,64
2,2022,Central,CENTRAL COAST,6,982.1,583.8,392.5,284.9,49,29
2,2022,South,SOUTH COAST,29,2106.6,1377.4,1186.8,1096,80,52
2,2022,North,SACRAMENTO,43,16150.8,10924.8,7972.5,8122.9,74,50
2,2022,Central,SAN JOAQUIN,34,11483.2,7264.7,6413.7,5490.7,76,48
2,2022,South,TULARE LAKE,6,2087.5,769.6,453.9,543.5,71,26
2,2022,North,NORTH LAHONTAN,5,1073.3,475.3,445.3,262,55,24
2,2022,South,SOUTH LAHONTAN,8,411.6,264.6,254.2,231,87,56
3,2022,North,NORTH COAST,6,3096.2,2228.7,1549.1,1070.5,48,35
3,2022,North,SAN FRANCISCO BAY,17,710.7,524.9,393.8,450.9,86,63
3,2022,Central,CENTRAL COAST,6,982.1,636.7,388.2,281,44,29
3,2022,South,SOUTH COAST,29,2106.6,1433.2,1242.8,1082.1,76,51
3,2022,North,SACRAMENTO,43,16150.8,12012.4,8331.1,8441.9,70,52
3,2022,Central,SAN JOAQUIN,34,11483.2,7639.4,6377.5,5704.5,75,50
3,2022,South,TULARE LAKE,6,2087.5,884.4,490.4,640.2,72,31
3,2022,North,NORTH LAHONTAN,5,1073.3,504.9,418.8,289.2,57,27
3,2022,South,SOUTH LAHONTAN,8,411.6,264.3,265.3,236.8,90,58
4,2022,North,NORTH COAST,6,3096.2,2346,1553.4,1039.3,44,34
4,2022,North,SAN FRANCISCO BAY,17,710.7,529.3,401.7,453.9,86,64
4,2022,Central,CENTRAL COAST,6,982.1,642.7,353.3,273.6,43,28
4,2022,South,SOUTH COAST,29,2106.6,1453.8,1243.5,1055.9,73,50
4,2022,North,SACRAMENTO,43,16150.8,12919,8440.3,9331.4,72,58
4,2022,Central,SAN JOAQUIN,34,11483.2,7876.8,6478.8,6122.9,78,53
4,2022,South,TULARE LAKE,6,2087.5,1062.6,591.1,831.1,78,40
4,2022,North,NORTH LAHONTAN,5,1073.3,540.7,406.8,332.4,61,31
4,2022,South,SOUTH LAHONTAN,8,411.6,260.7,262.8,242.6,93,59
5,2022,North,NORTH COAST,6,3096.2,2363.3,1489.4,1004.8,43,32
5,2022,North,SAN FRANCISCO BAY,17,710.7,519.8,395,452.2,87,64
5,2022,Central,CENTRAL COAST,6,982.1,625.6,314.8,263,42,27
5,2022,South,SOUTH COAST,29,2106.6,1456.1,1213.6,1018.8,70,48
5,2022,North,SACRAMENTO,43,16150.8,13255.9,7959.2,9563.8,72,59
5,2022,Central,SAN JOAQUIN,34,11483.2,8247.6,6538.9,6399.9,78,56
5,2022,South,TULARE LAKE,6,2087.5,1336.3,709.5,1030.7,77,49
5,2022,North,NORTH LAHONTAN,5,1073.3,606.2,392.6,369.4,61,34
5,2022,South,SOUTH LAHONTAN,8,411.6,270.4,262,252.7,93,61
6,2022,North,NORTH COAST,6,3096.2,2291,1373.1,967.1,42,31
6,2022,North,SAN FRANCISCO BAY,17,710.7,501.8,384.5,442.6,88,62
6,2022,Central,CENTRAL COAST,6,982.1,594.6,272.1,251.7,42,26
6,2022,South,SOUTH COAST,29,2106.6,1428.9,1153,980.3,69,47
6,2022,North,SACRAMENTO,43,16150.8,12667,7223.1,9143.9,72,57
6,2022,Central,SAN JOAQUIN,34,11483.2,8176.4,5950.9,6030.3,74,53
6,2022,South,TULARE LAKE,6,2087.5,1313.9,558.2,843.4,64,40
6,2022,North,NORTH LAHONTAN,5,1073.3,638.3,351.3,365.4,57,34
6,2022,South,SOUTH LAHONTAN,8,411.6,291.1,248.9,253.6,87,62
7,2022,North,NORTH COAST,6,3096.2,2131.8,1197.8,899,42,29
7,2022,North,SAN FRANCISCO BAY,17,710.7,482.4,369.4,435.1,90,61
7,2022,Central,CENTRAL COAST,6,982.1,554.2,229.7,240,43,24
7,2022,South,SOUTH COAST,29,2106.6,1396.9,1081.6,956,68,45
7,2022,North,SACRAMENTO,43,16150.8,11345.2,6387.5,8208.9,72,51
7,2022,Central,SAN JOAQUIN,34,11483.2,7503.1,5159.8,5400.8,72,47
7,2022,South,TULARE LAKE,6,2087.5,978.2,438.7,478.4,49,23
7,2022,North,NORTH LAHONTAN,5,1073.3,602.7,283.5,315.7,52,29
7,2022,South,SOUTH LAHONTAN,8,411.6,297.5,239.7,247.5,83,60
8,2022,North,NORTH COAST,6,3096.2,1959.5,1029.9,822.8,42,27
8,2022,North,SAN FRANCISCO BAY,17,710.7,460.6,357.8,428.4,93,60
8,2022,Central,CENTRAL COAST,6,982.1,512.5,215.9,223.9,44,23
8,2022,South,SOUTH COAST,29,2106.6,1355.6,1007.3,928.4,68,44
8,2022,North,SACRAMENTO,43,16150.8,10148.5,5801.7,7423.9,73,46
8,2022,Central,SAN JOAQUIN,34,11483.2,6791.9,4567.1,4925.7,73,43
8,2022,South,TULARE LAKE,6,2087.5,715.8,388.7,341.4,48,16
8,2022,North,NORTH LAHONTAN,5,1073.3,533.2,207.1,250.2,47,23
8,2022,South,SOUTH LAHONTAN,8,411.6,281.1,226.7,244.1,87,59
9,2022,North,NORTH COAST,6,3096.2,1817.7,872.8,755,42,24
9,2022,North,SAN FRANCISCO BAY,17,710.7,441.6,355.4,421.7,95,59
9,2022,Central,CENTRAL COAST,6,982.1,482.9,197.6,208.8,43,21
9,2022,South,SOUTH COAST,29,2106.6,1310,981.9,931.5,71,44
9,2022,North,SACRAMENTO,43,16150.8,9403.7,5434,6903,73,43
9,2022,Central,SAN JOAQUIN,34,11483.2,6433.4,4234,4652.6,72,41
9,2022,South,TULARE LAKE,6,2087.5,610,366,322.9,53,15
9,2022,North,NORTH LAHONTAN,5,1073.3,467,144.9,179.2,38,17
9,2022,South,SOUTH LAHONTAN,8,411.6,263,210.5,230.8,88,56
10,2022,North,NORTH COAST,6,3096.2,1724.6,871.1,722.4,42,23
10,2022,North,SAN FRANCISCO BAY,17,710.7,421.5,383.1,417.7,99,59
10,2022,Central,CENTRAL COAST,6,982.1,458.3,197.8,199.6,44,20
10,2022,South,SOUTH COAST,29,2122.6,1260.1,975.1,928.4,74,44
10,2022,North,SACRAMENTO,43,16150.8,8879.8,5802.1,6478,73,40
10,2022,Central,SAN JOAQUIN,34,11483.2,6081.6,4330.3,4282.1,70,37
10,2022,South,TULARE LAKE,6,2087.5,556,374.1,310.9,56,15
10,2022,North,NORTH LAHONTAN,5,1073.3,409.5,187.6,125.2,31,12
10,2022,South,SOUTH LAHONTAN,8,411.6,253.7,211.4,221.7,87,54
11,2022,North,NORTH COAST,6,3096.2,1705.5,922.2,706.2,41,23
11,2022,North,SAN FRANCISCO BAY,17,710.7,412.3,393.4,411.5,100,58
11,2022,Central,CENTRAL COAST,6,982.1,443.8,190.5,192.2,43,20
11,2022,South,SOUTH COAST,29,2122.6,1237.3,969.9,920.3,74,43
11,2022,North,SACRAMENTO,43,16150.8,8725.9,6117,6198.1,71,38
11,2022,Central,SAN JOAQUIN,34,11483.2,6158.4,4608.5,4247.3,69,37
11,2022,South,TULARE LAKE,6,2087.5,566.7,396.5,330.5,58,16
11,2022,North,NORTH LAHONTAN,5,1073.3,397.6,185,118,30,11
11,2022,South,SOUTH LAHONTAN,8,411.6,256.1,217.4,231.8,90,56
12,2022,North,NORTH COAST,6,3096.2,1816,984.5,796.7,44,26
12,2022,North,SAN FRANCISCO BAY,17,710.7,437.1,482.1,495.8,113,70
12,2022,Central,CENTRAL COAST,6,982.1,460.9,277.7,261.2,57,27
12,2022,South,SOUTH COAST,29,2122.6,1257.1,1063.2,905.7,72,43
12,2022,North,SACRAMENTO,43,16150.8,9275.8,7240.6,7400.7,80,46
12,2022,Central,SAN JOAQUIN,34,11483.2,6471.9,5058.9,5295.2,82,46
12,2022,South,TULARE LAKE,6,2087.5,607.2,453.8,448.5,74,21
12,2022,North,NORTH LAHONTAN,5,1073.3,414.9,273.3,215.4,52,20
12,2022,South,SOUTH LAHONTAN,8,411.6,254.2,229.9,183.7,72,45
1,2023,North,NORTH COAST,6,3096.2,1938,1035,1172.2,60,38
1,2023,North,SAN FRANCISCO BAY,17,710.7,470.1,469,587.6,125,83
1,2023,Central,CENTRAL COAST,6,982.1,530.5,289,672.5,127,68
1,2023,South,SOUTH COAST,29,2122.6,1319.4,1134.7,1185.4,90,56
1,2023,North,SACRAMENTO,43,16150.8,10115.7,7938.7,10231.1,101,63
1,2023,Central,SAN JOAQUIN,34,11483.2,6976.1,5434.3,6983.9,100,61
1,2023,South,TULARE LAKE,6,2087.5,691.1,489.8,799.5,116,38
1,2023,North,NORTH LAHONTAN,5,1073.3,446.6,265.8,310.8,70,29
1,2023,South,SOUTH LAHONTAN,8,411.6,261.4,229.5,256.3,98,62
2,2023,North,NORTH COAST,6,3096.2,2066.9,1056.9,1221.6,59,39
2,2023,North,SAN FRANCISCO BAY,17,710.7,503.2,453.7,563.4,112,79
2,2023,Central,CENTRAL COAST,6,982.1,583.8,284.9,718.7,123,73
2,2023,South,SOUTH COAST,29,2122.6,1377.4,1095.9,1195.8,87,56
2,2023,North,SACRAMENTO,43,16150.8,10924.8,8123.5,10777.2,99,67
2,2023,Central,SAN JOAQUIN,34,11483.2,7264.7,5492.5,7331.5,101,64
2,2023,South,TULARE LAKE,6,2087.5,769.6,543.5,824,107,39
2,2023,North,NORTH LAHONTAN,5,1073.3,475.3,262.4,350.6,74,33
2,2023,South,SOUTH LAHONTAN,8,411.6,264.6,231,250.4,95,61
3,2023,North,NORTH COAST,6,3096.2,2228.7,1070.5,1372.8,62,44
3,2023,North,SAN FRANCISCO BAY,17,710.7,524.9,450.9,605.3,115,85
3,2023,Central,CENTRAL COAST,6,982.1,636.7,281,798.3,125,81
3,2023,South,SOUTH COAST,29,2122.6,1433.2,1082.1,1547.4,108,73
3,2023,North,SACRAMENTO,43,16150.8,12012.4,8458,12853.2,107,80
3,2023,Central,SAN JOAQUIN,34,11483.2,7639.4,5704.9,8430.8,110,73
3,2023,South,TULARE LAKE,6,2087.5,884.4,640.1,1305.9,148,63
3,2023,North,NORTH LAHONTAN,5,1073.3,504.9,289.8,450.4,89,42
3,2023,South,SOUTH LAHONTAN,8,411.6,264.3,236.2,157,59,38
4,2023,North,NORTH COAST,6,3096.2,2346,1039.3,1348.6,57,44
4,2023,North,SAN FRANCISCO BAY,17,710.7,529.3,453.9,574.1,108,81
4,2023,Central,CENTRAL COAST,6,982.1,642.7,273.6,831.6,129,85
4,2023,South,SOUTH COAST,29,2106.6,1453.8,1055.9,1619.8,111,77
4,2023,North,SACRAMENTO,43,16150.8,12919,9331.4,14410.8,112,89
4,2023,Central,SAN JOAQUIN,34,11483.2,7876.8,6122.9,8150.4,103,71
4,2023,South,TULARE LAKE,6,2087.5,1062.6,831.1,898.9,85,43
4,2023,North,NORTH LAHONTAN,5,1073.3,540.7,332.4,552.1,102,51
4,2023,South,SOUTH LAHONTAN,8,411.6,260.7,242.6,220.7,85,54
5,2023,North,NORTH COAST,6,3096.2,2363.3,1004.8,1729.1,73,56
5,2023,North,SAN FRANCISCO BAY,17,710.7,519.8,452.2,550,106,77
5,2023,Central,CENTRAL COAST,6,982.1,625.6,263,851.3,136,87
5,2023,South,SOUTH COAST,29,2106.6,1456.1,1018.8,1613.1,111,77
5,2023,North,SACRAMENTO,43,16150.8,13255.9,9563.8,15082.3,114,93
5,2023,Central,SAN JOAQUIN,34,11483.2,8247.6,6399.9,9197.4,112,80
5,2023,South,TULARE LAKE,6,2087.5,1336.3,1030.7,1303.7,98,62
5,2023,North,NORTH LAHONTAN,5,1073.3,606.2,369.4,771.2,127,72
5,2023,South,SOUTH LAHONTAN,8,411.6,270.4,252.7,236.2,87,57
6,2023,North,NORTH COAST,6,3096.2,2291,967.1,1873.1,82,60
6,2023,North,SAN FRANCISCO BAY,17,710.7,501.8,442.6,527,105,74
6,2023,Central,CENTRAL COAST,6,982.1,594.6,251.7,827.1,139,84
6,2023,South,SOUTH COAST,29,2106.6,1428.9,980.3,1570,110,75
6,2023,North,SACRAMENTO,43,16150.8,12667,9143.9,14924.9,118,92
6,2023,Central,SAN JOAQUIN,34,11483.2,8176.4,6030.3,10173.8,124,89
6,2023,South,TULARE LAKE,6,2087.5,1313.9,843.4,1773.8,135,85
6,2023,North,NORTH LAHONTAN,5,1073.3,638.3,365.4,938.7,147,87
6,2023,South,SOUTH LAHONTAN,8,411.6,291.1,253.6,283,97,69
7,2023,North,NORTH COAST,6,3096.2,2131.8,899,1823.2,86,59
7,2023,North,SAN FRANCISCO BAY,17,710.7,482.4,435.1,511.2,106,72
7,2023,Central,CENTRAL COAST,6,982.1,554.2,240,782.7,141,80
7,2023,South,SOUTH COAST,29,2106.6,1396.9,956,1507.9,108,72
7,2023,North,SACRAMENTO,43,16150.8,11345.2,8208.9,13764.2,121,85
7,2023,Central,SAN JOAQUIN,34,11483.2,7503.1,5400.8,10339.6,138,90
7,2023,South,TULARE LAKE,6,2087.5,978.2,478.4,1976.5,202,95
7,2023,North,NORTH LAHONTAN,5,1073.3,602.7,315.7,963.5,160,90
7,2023,South,SOUTH LAHONTAN,8,411.6,297.5,247.5,350.9,118,85
8,2023,North,NORTH COAST,6,3096.2,1959.5,822.8,1730.6,88,56
8,2023,North,SAN FRANCISCO BAY,17,710.7,460.6,428.4,498.2,108,70
8,2023,Central,CENTRAL COAST,6,982.1,512.5,223.9,734.9,143,75
8,2023,South,SOUTH COAST,29,2106.6,1355.6,928.4,1471.9,109,70
8,2023,North,SACRAMENTO,43,16150.8,10148.5,7423.9,12412.4,122,77
8,2023,Central,SAN JOAQUIN,34,11483.2,6791.9,4925.7,9545.4,141,83
8,2023,South,TULARE LAKE,6,2087.5,715.8,341.4,1655.9,231,79
8,2023,North,NORTH LAHONTAN,5,1073.3,533.2,250.2,902.1,169,84
8,2023,South,SOUTH LAHONTAN,8,411.6,281.1,244.1,357.3,127,87
9,2023,North,NORTH COAST,6,3096.2,1817.7,755,1641.9,90,53
9,2023,North,SAN FRANCISCO BAY,17,710.7,441.6,421.7,483.5,109,68
9,2023,Central,CENTRAL COAST,6,982.1,482.9,208.8,696.6,144,71
9,2023,South,SOUTH COAST,29,2106.6,1310,931.5,1461.9,112,69
9,2023,North,SACRAMENTO,43,16150.8,9403.7,6903,11502.1,122,71
9,2023,Central,SAN JOAQUIN,34,11483.2,6433.4,4652.6,8857.3,138,77
9,2023,South,TULARE LAKE,6,2087.5,610,322.9,1281.7,210,61
9,2023,North,NORTH LAHONTAN,5,1073.3,467,179.2,836.4,179,78
9,2023,South,SOUTH LAHONTAN,8,411.6,263,230.8,342.8,130,83